Timestamp,Highest_Single_Cell_Temp,Lowest_Single_Cell_Temp,Average_Single_Cell_Temp,MOSFET_Highest_Temp,MOSFET_Average_Temp,Ambient_Temp,BMS_Temp_Average,BMS_Temp_Highest,BMS_Temp_Lowest,Alarm_Single_Core_High_Temp,Alarm_MOSFET_Overtemp,,,
12/6/2025 9:00,23.96,23.94,23.98,33.1,33.03,24,27.16,28.27,26.42,0,0,,,
12/6/2025 9:00,23.99,23.98,23.96,32.9,32.98,23.98,27.16,28.31,26.35,0,0,,,
12/6/2025 9:00,24.1,24.06,24.06,32.94,33,24,27.25,28.35,26.49,0,0,,,
12/6/2025 9:00,24.09,24.13,24.12,33.16,33.11,24.03,27.32,28.43,26.51,0,0,,,
12/6/2025 9:00,24.02,24.05,24.02,33.08,33.04,23.93,27.14,28.16,26.33,0,0,,,
12/6/2025 9:00,24.23,24.24,24.22,33.12,33.21,24.07,27.27,28.3,26.45,0,0,,,
12/6/2025 9:00,24.13,24.09,24.11,33.21,33.16,23.99,27.22,28.31,26.47,0,0,,,
12/6/2025 9:00,24.16,24.13,24.14,33.08,33.14,23.98,27.21,28.32,26.41,0,0,,,
12/6/2025 9:00,24.2,24.19,24.2,33.2,33.16,23.97,27.16,28.28,26.32,0,0,,,
12/6/2025 9:00,24.18,24.23,24.24,33.28,33.28,24.05,27.23,28.34,26.41,0,0,,,
12/6/2025 9:00,24.28,24.32,24.32,33.35,33.32,24.04,27.33,28.49,26.53,0,0,,,
12/6/2025 9:00,24.45,24.41,24.39,33.4,33.44,24.06,27.27,28.4,26.47,0,0,,,
12/6/2025 9:00,24.36,24.33,24.36,33.47,33.39,24.05,27.27,28.4,26.5,0,0,,,
12/6/2025 9:00,24.37,24.34,24.35,33.34,33.34,24.02,27.2,28.35,26.38,0,0,,,
12/6/2025 9:00,24.41,24.37,24.35,33.35,33.39,24.03,27.16,28.3,26.33,0,0,,,
12/6/2025 9:00,24.45,24.54,24.46,33.45,33.49,24.05,27.22,28.35,26.38,0,0,,,z
12/6/2025 9:00,24.4,24.4,24.39,33.3,33.29,23.98,27.14,28.29,26.29,0,0,,,
12/6/2025 9:00,24.37,24.41,24.39,33.45,33.44,24.01,27.22,28.3,26.42,0,0,,,
12/6/2025 9:00,24.44,24.45,24.44,33.46,33.47,24.03,27.22,28.32,26.47,0,0,,,
12/6/2025 9:00,24.49,24.48,24.49,33.54,33.46,24,27.11,28.2,26.32,0,0,,,
12/6/2025 9:00,24.55,24.49,24.53,33.5,33.5,24.05,27.26,28.34,26.41,0,0,,,
12/6/2025 9:00,24.62,24.61,24.6,33.73,33.58,24,27.17,28.27,26.36,0,0,,,
12/6/2025 9:00,24.6,24.56,24.59,33.6,33.56,24.05,27.21,28.28,26.42,0,0,,,
12/6/2025 9:00,24.55,24.54,24.56,33.67,33.59,24.03,27.28,28.39,26.48,0,0,,,
12/6/2025 9:00,24.73,24.7,24.68,33.85,33.7,24.04,27.22,28.29,26.43,0,0,,,
12/6/2025 9:00,24.61,24.52,24.6,33.63,33.59,23.96,27.15,28.23,26.39,0,0,,,
12/6/2025 9:00,24.61,24.6,24.62,33.69,33.62,23.99,27.2,28.38,26.38,0,0,,,
12/6/2025 9:00,24.75,24.74,24.73,33.83,33.66,24.08,27.29,28.36,26.45,0,0,,,
12/6/2025 9:00,24.77,24.67,24.7,33.79,33.71,24.03,27.23,28.32,26.41,0,0,,,
12/6/2025 9:00,24.77,24.68,24.72,33.77,33.69,24.02,27.23,28.36,26.43,0,0,,,
12/6/2025 9:00,24.85,24.69,24.78,33.81,33.67,24.07,27.29,28.38,26.53,0,0,,,
12/6/2025 9:00,24.95,24.82,24.85,34.02,33.84,24.06,27.18,28.3,26.39,0,0,,,
12/6/2025 9:00,24.86,24.73,24.77,33.97,33.76,24.03,27.26,28.4,26.47,0,0,,,
12/6/2025 9:00,24.86,24.74,24.8,34.03,33.83,24,27.23,28.29,26.39,0,0,,,
12/6/2025 9:00,24.92,24.88,24.88,34.05,33.82,24.11,27.33,28.44,26.52,0,0,,,
12/6/2025 9:00,25.08,24.96,24.98,34.16,33.91,24.06,27.28,28.39,26.47,0,0,,,
12/6/2025 9:00,24.86,24.82,24.85,34.12,33.9,23.97,27.17,28.26,26.36,0,0,,,
12/6/2025 9:00,24.93,24.8,24.88,33.96,33.82,24.07,27.18,28.29,26.38,0,0,,,
12/6/2025 9:00,24.92,24.87,24.9,34.12,33.92,24.06,27.3,28.39,26.52,0,0,,,
12/6/2025 9:00,25.02,24.94,24.96,34.28,33.96,24.07,27.27,28.36,26.5,0,0,,,
12/6/2025 9:00,25.1,24.94,25.05,34.42,34.13,24.02,27.21,28.34,26.38,0,0,,,
12/6/2025 9:00,25.11,25.01,25.07,34.3,34.05,24.1,27.27,28.38,26.45,0,0,,,
12/6/2025 9:00,25.09,24.96,24.99,34.27,34.05,24.01,27.14,28.26,26.3,0,0,,,
12/6/2025 9:00,25.18,25.04,25.15,34.44,34.16,24.09,27.26,28.36,26.49,0,0,,,
12/6/2025 9:00,25.18,25.13,25.13,34.52,34.14,24.05,27.25,28.38,26.41,0,0,,,
12/6/2025 9:00,25.23,25.11,25.15,34.4,34.16,24.11,27.3,28.41,26.49,0,0,,,
12/6/2025 9:00,25.23,25.04,25.12,34.35,34.1,24.03,27.16,28.32,26.35,0,0,,,
12/6/2025 9:00,25.23,25.1,25.14,34.53,34.19,24.07,27.25,28.33,26.46,0,0,,,
12/6/2025 9:00,25.24,25.15,25.15,34.4,34.13,24.08,27.29,28.43,26.48,0,0,,,
12/6/2025 9:00,25.27,25.12,25.15,34.53,34.22,24.03,27.26,28.32,26.43,0,0,,,
12/6/2025 9:00,25.37,25.25,25.29,34.68,34.32,24.04,27.26,28.31,26.44,0,0,,,
12/6/2025 9:00,25.28,25.08,25.19,34.47,34.2,24.03,27.21,28.37,26.38,0,0,,,
12/6/2025 9:00,25.4,25.28,25.34,34.73,34.39,24.07,27.24,28.35,26.47,0,0,,,
12/6/2025 9:00,25.27,25.15,25.24,34.56,34.28,24.07,27.28,28.36,26.48,0,0,,,
12/6/2025 9:00,25.36,25.16,25.24,34.54,34.18,24.04,27.3,28.46,26.51,0,0,,,
12/6/2025 9:00,25.5,25.33,25.4,34.73,34.41,24.06,27.25,28.37,26.41,0,0,,,
12/6/2025 9:00,25.44,25.25,25.33,34.7,34.29,24.03,27.23,28.31,26.46,0,0,,,
12/6/2025 9:00,25.46,25.28,25.36,34.74,34.43,24.03,27.22,28.3,26.42,0,0,,,
12/6/2025 9:00,25.48,25.33,25.42,34.86,34.43,23.97,27.09,28.23,26.29,0,0,,,
12/6/2025 9:00,25.55,25.4,25.42,34.87,34.47,24.01,27.23,28.35,26.46,0,0,,,
12/6/2025 9:01,25.49,25.39,25.43,34.81,34.4,24.03,27.24,28.26,26.43,0,0,,,
12/6/2025 9:01,25.6,25.44,25.52,34.94,34.46,24.06,27.25,28.35,26.43,0,0,,,
12/6/2025 9:01,25.64,25.44,25.52,34.9,34.52,24.12,27.29,28.37,26.52,0,0,,,
12/6/2025 9:01,25.69,25.41,25.52,34.88,34.43,24.07,27.27,28.37,26.46,0,0,,,
12/6/2025 9:01,25.71,25.47,25.56,34.96,34.57,24.06,27.25,28.35,26.47,0,0,,,
12/6/2025 9:01,25.68,25.5,25.56,35.07,34.61,24.07,27.26,28.36,26.44,0,0,,,
12/6/2025 9:01,25.69,25.52,25.57,35.14,34.63,24,27.18,28.32,26.41,0,0,,,
12/6/2025 9:01,25.66,25.52,25.56,35.03,34.58,24.06,27.28,28.37,26.4,0,0,,,
12/6/2025 9:01,25.82,25.55,25.69,35.2,34.73,24.03,27.18,28.27,26.4,0,0,,,
12/6/2025 9:01,25.77,25.52,25.61,35.01,34.55,24.04,27.19,28.31,26.35,0,0,,,
12/6/2025 9:01,25.84,25.63,25.72,35.24,34.74,24.14,27.36,28.46,26.54,0,0,,,
12/6/2025 9:01,25.99,25.69,25.78,35.44,34.94,24.14,27.28,28.37,26.43,0,0,,,
12/6/2025 9:01,25.96,25.66,25.8,35.3,34.76,24.1,27.31,28.38,26.51,0,0,,,
12/6/2025 9:01,25.85,25.6,25.74,35.15,34.66,24.09,27.28,28.36,26.52,0,0,,,
12/6/2025 9:01,25.91,25.73,25.79,35.38,34.9,24.09,27.28,28.42,26.48,0,0,,,
12/6/2025 9:01,25.92,25.65,25.75,35.35,34.82,24.03,27.17,28.27,26.41,0,0,,,
12/6/2025 9:01,25.86,25.62,25.72,35.26,34.77,24.02,27.21,28.34,26.39,0,0,,,
12/6/2025 9:01,25.95,25.72,25.85,35.48,34.89,24.08,27.32,28.41,26.46,0,0,,,
12/6/2025 9:01,25.98,25.76,25.85,35.39,34.83,24.05,27.21,28.27,26.38,0,0,,,
12/6/2025 9:01,26,25.76,25.87,35.43,34.84,24.04,27.25,28.35,26.47,0,0,,,
12/6/2025 9:01,26.01,25.77,25.89,35.41,34.88,24.07,27.27,28.37,26.43,0,0,,,
12/6/2025 9:01,26.13,25.82,25.95,35.52,34.97,24.07,27.23,28.33,26.48,0,0,,,
12/6/2025 9:01,26.15,25.88,25.96,35.6,34.99,24.08,27.3,28.41,26.51,0,0,,,
12/6/2025 9:01,26.19,25.9,26.02,35.73,35.05,24.04,27.25,28.35,26.4,0,0,,,
12/6/2025 9:01,26.17,25.88,26,35.65,35.02,24.08,27.2,28.29,26.36,0,0,,,
12/6/2025 9:01,26.19,25.9,26,35.56,34.94,24.03,27.25,28.3,26.43,0,0,,,
12/6/2025 9:01,26.28,25.97,26.11,35.77,35.04,24.13,27.32,28.45,26.52,0,0,,,
12/6/2025 9:01,26.31,25.98,26.11,35.75,35.09,24.14,27.34,28.42,26.53,0,0,,,
12/6/2025 9:01,26.24,25.93,26.07,35.77,35.1,24.03,27.26,28.35,26.5,0,0,,,
12/6/2025 9:01,26.38,26.06,26.19,35.88,35.23,24.1,27.28,28.37,26.5,0,0,,,
12/6/2025 9:01,26.45,26.03,26.2,35.82,35.13,24.07,27.28,28.37,26.45,0,0,,,
12/6/2025 9:01,26.36,26.04,26.14,35.87,35.22,24.09,27.28,28.32,26.46,0,0,,,
12/6/2025 9:01,26.39,26,26.16,35.94,35.23,24.08,27.24,28.36,26.39,0,0,,,
12/6/2025 9:01,26.44,26.1,26.24,36.06,35.38,24.13,27.3,28.39,26.53,0,0,,,
12/6/2025 9:01,26.47,26.11,26.25,35.88,35.2,24.11,27.36,28.47,26.56,0,0,,,
12/6/2025 9:01,26.31,26.03,26.17,35.81,35.15,24.05,27.24,28.38,26.41,0,0,,,
12/6/2025 9:01,26.38,26.07,26.21,35.94,35.19,24.09,27.26,28.39,26.42,0,0,,,
12/6/2025 9:01,26.5,26.1,26.3,36.18,35.36,24.09,27.29,28.38,26.45,0,0,,,
12/6/2025 9:01,26.46,26.09,26.28,35.93,35.26,24.06,27.2,28.28,26.36,0,0,,,
12/6/2025 9:01,26.53,26.23,26.35,36.15,35.42,24.1,27.3,28.45,26.5,0,0,,,
12/6/2025 9:01,26.6,26.23,26.4,36.13,35.35,24.09,27.29,28.38,26.5,0,0,,,
12/6/2025 9:01,26.61,26.16,26.37,36.08,35.34,24.14,27.3,28.4,26.45,0,0,,,
12/6/2025 9:01,26.62,26.28,26.4,36.25,35.42,24.08,27.32,28.4,26.48,0,0,,,
12/6/2025 9:01,26.69,26.32,26.49,36.28,35.46,24.11,27.35,28.45,26.55,0,0,,,
12/6/2025 9:01,26.55,26.22,26.35,35.99,35.38,24,27.19,28.3,26.41,0,0,,,
12/6/2025 9:01,26.57,26.27,26.4,36.1,35.34,24.03,27.19,28.3,26.41,0,0,,,
12/6/2025 9:01,26.75,26.34,26.54,36.37,35.55,24.11,27.29,28.36,26.45,0,0,,,
12/6/2025 9:01,26.68,26.37,26.49,36.47,35.56,24.1,27.34,28.46,26.53,0,0,,,
12/6/2025 9:01,26.78,26.32,26.51,36.37,35.55,24.13,27.29,28.43,26.49,0,0,,,
12/6/2025 9:01,26.75,26.43,26.57,36.36,35.49,24.05,27.31,28.41,26.54,0,0,,,
12/6/2025 9:01,26.67,26.31,26.48,36.4,35.56,24.09,27.3,28.36,26.52,0,0,,,
12/6/2025 9:01,26.8,26.4,26.57,36.36,35.59,24,27.13,28.27,26.35,0,0,,,
12/6/2025 9:01,26.83,26.45,26.61,36.55,35.62,24.07,27.34,28.47,26.54,0,0,,,
12/6/2025 9:01,26.88,26.42,26.58,36.41,35.55,24.08,27.27,28.38,26.48,0,0,,,
12/6/2025 9:01,26.88,26.45,26.63,36.45,35.61,24.1,27.3,28.41,26.57,0,0,,,
12/6/2025 9:01,26.8,26.39,26.57,36.28,35.51,24.08,27.23,28.35,26.44,0,0,,,
12/6/2025 9:01,26.99,26.54,26.73,36.74,35.79,24.14,27.37,28.46,26.56,0,0,,,
12/6/2025 9:01,26.96,26.54,26.71,36.63,35.72,24.05,27.25,28.37,26.53,0,0,,,
12/6/2025 9:01,26.96,26.53,26.69,36.61,35.76,24.05,27.32,28.39,26.51,0,0,,,
12/6/2025 9:01,26.91,26.54,26.71,36.66,35.78,24.12,27.28,28.39,26.48,0,0,,,
12/6/2025 9:02,27.04,26.58,26.77,36.65,35.78,24.09,27.3,28.43,26.46,0,0,,,
12/6/2025 9:02,27.12,26.65,26.87,36.79,35.87,24.16,27.35,28.43,26.55,0,0,,,
12/6/2025 9:02,27.12,26.69,26.85,36.7,35.77,24.14,27.33,28.45,26.52,0,0,,,
12/6/2025 9:02,27.09,26.56,26.82,36.8,35.87,24.12,27.24,28.34,26.4,0,0,,,
12/6/2025 9:02,27.02,26.57,26.74,36.63,35.73,24.04,27.28,28.39,26.49,0,0,,,
12/6/2025 9:02,27.17,26.71,26.9,36.92,35.92,24.09,27.36,28.5,26.54,0,0,,,
12/6/2025 9:02,27.22,26.72,26.92,36.79,35.86,24.12,27.31,28.44,26.58,0,0,,,
12/6/2025 9:02,27.11,26.7,26.88,36.89,35.88,24.09,27.31,28.43,26.53,0,0,,,
12/6/2025 9:02,27.29,26.78,26.99,36.99,35.94,24.13,27.36,28.49,26.57,0,0,,,
12/6/2025 9:02,27.29,26.78,27.01,37.02,36.05,24.13,27.26,28.37,26.48,0,0,,,
12/6/2025 9:02,27.16,26.73,26.92,36.95,35.93,24.08,27.31,28.45,26.46,0,0,,,
12/6/2025 9:02,27.27,26.8,27.01,37.12,36.07,24.07,27.31,28.41,26.51,0,0,,,
12/6/2025 9:02,27.44,26.96,27.14,37.15,36.16,24.16,27.35,28.44,26.6,0,0,,,
12/6/2025 9:02,27.37,26.87,27.12,37.18,36.12,24.12,27.29,28.42,26.48,0,0,,,
12/6/2025 9:02,27.31,26.86,27.07,37.13,36.09,24.12,27.34,28.39,26.56,0,0,,,
12/6/2025 9:02,27.32,26.86,27.08,37.09,36.08,24.16,27.38,28.46,26.56,0,0,,,
12/6/2025 9:02,27.48,26.9,27.16,37.19,36.1,24.19,27.36,28.47,26.51,0,0,,,
12/6/2025 9:02,27.46,26.9,27.13,37.29,36.19,24.01,27.19,28.26,26.44,0,0,,,
12/6/2025 9:02,27.56,27.13,27.27,37.37,36.28,24.18,27.35,28.4,26.55,0,0,,,
12/6/2025 9:02,27.47,26.92,27.14,37.27,36.17,24.16,27.31,28.44,26.52,0,0,,,
12/6/2025 9:02,27.58,27.05,27.28,37.34,36.19,24.11,27.3,28.37,26.51,0,0,,,
12/6/2025 9:02,27.51,26.93,27.23,37.35,36.23,24.17,27.33,28.38,26.54,0,0,,,
12/6/2025 9:02,27.52,27.08,27.25,37.43,36.25,24.12,27.3,28.42,26.46,0,0,,,
12/6/2025 9:02,27.58,27.05,27.29,37.42,36.26,24.19,27.37,28.46,26.54,0,0,,,
12/6/2025 9:02,27.58,27.09,27.3,37.41,36.29,24.17,27.34,28.43,26.55,0,0,,,
12/6/2025 9:02,27.66,27.1,27.33,37.48,36.35,24.15,27.4,28.44,26.61,0,0,,,
12/6/2025 9:02,27.65,27.06,27.31,37.39,36.29,24.1,27.25,28.36,26.45,0,0,,,
12/6/2025 9:02,27.62,27.12,27.29,37.33,36.24,24.13,27.33,28.43,26.56,0,0,,,
12/6/2025 9:02,27.66,27.1,27.33,37.54,36.37,24.1,27.26,28.34,26.5,0,0,,,
12/6/2025 9:02,27.68,27.09,27.33,37.5,36.37,24.1,27.26,28.34,26.49,0,0,,,
12/6/2025 9:02,27.7,27.17,27.4,37.54,36.41,24.14,27.34,28.49,26.56,0,0,,,
12/6/2025 9:02,27.64,27.19,27.41,37.51,36.37,24.13,27.25,28.31,26.44,0,0,,,
12/6/2025 9:02,27.72,27.15,27.38,37.46,36.37,24.11,27.26,28.37,26.46,0,0,,,
12/6/2025 9:02,27.88,27.27,27.51,37.74,36.55,24.2,27.42,28.52,26.6,0,0,,,
12/6/2025 9:02,27.84,27.33,27.51,37.81,36.59,24.11,27.29,28.37,26.52,0,0,,,
12/6/2025 9:02,27.87,27.24,27.52,37.83,36.6,24.14,27.35,28.42,26.53,0,0,,,
12/6/2025 9:02,27.81,27.27,27.49,37.85,36.6,24.14,27.34,28.42,26.5,0,0,,,
12/6/2025 9:02,27.75,27.24,27.47,37.56,36.38,24.05,27.2,28.27,26.39,0,0,,,
12/6/2025 9:02,28.01,27.35,27.64,37.92,36.7,24.25,27.38,28.45,26.63,0,0,,,
12/6/2025 9:02,27.85,27.33,27.56,37.76,36.6,24.12,27.33,28.42,26.51,0,0,,,
12/6/2025 9:02,27.97,27.32,27.57,37.91,36.6,24.17,27.42,28.5,26.58,0,0,,,
12/6/2025 9:02,27.89,27.33,27.54,37.7,36.55,24.06,27.27,28.4,26.44,0,0,,,
12/6/2025 9:02,27.97,27.38,27.65,37.88,36.71,24.14,27.37,28.47,26.59,0,0,,,
12/6/2025 9:02,27.9,27.37,27.57,37.78,36.55,24.08,27.3,28.45,26.46,0,0,,,
12/6/2025 9:02,27.93,27.31,27.58,37.78,36.54,24.13,27.25,28.32,26.49,0,0,,,
12/6/2025 9:02,28.16,27.47,27.78,38,36.75,24.2,27.44,28.54,26.67,0,0,,,
12/6/2025 9:02,28.11,27.52,27.76,38.07,36.75,24.18,27.33,28.48,26.59,0,0,,,
12/6/2025 9:02,28.18,27.51,27.8,38.06,36.73,24.17,27.39,28.5,26.65,0,0,,,
12/6/2025 9:02,28.22,27.57,27.85,38.2,36.89,24.17,27.3,28.44,26.54,0,0,,,
12/6/2025 9:02,28.15,27.5,27.79,38.04,36.68,24.08,27.25,28.32,26.48,0,0,,,
12/6/2025 9:02,28.11,27.53,27.76,38.11,36.8,24.11,27.31,28.4,26.48,0,0,,,
12/6/2025 9:02,28.25,27.58,27.86,38.21,36.87,24.17,27.43,28.49,26.64,0,0,,,
12/6/2025 9:02,28.26,27.62,27.87,38.21,36.85,24.21,27.4,28.49,26.55,0,0,,,
12/6/2025 9:02,28.3,27.6,27.88,38.1,36.83,24.17,27.35,28.43,26.53,0,0,,,
12/6/2025 9:02,28.32,27.66,27.91,38.26,36.92,24.18,27.34,28.41,26.57,0,0,,,
12/6/2025 9:02,28.31,27.66,27.94,38.36,37.02,24.18,27.41,28.54,26.63,0,0,,,
12/6/2025 9:02,28.24,27.65,27.92,38.3,36.93,24.18,27.36,28.41,26.6,0,0,,,
12/6/2025 9:02,28.32,27.67,27.97,38.3,36.96,24.18,27.41,28.55,26.66,0,0,,,
12/6/2025 9:02,28.23,27.62,27.89,38.29,36.93,24.11,27.26,28.34,26.44,0,0,,,
12/6/2025 9:02,28.3,27.63,27.94,38.44,36.99,24.2,27.45,28.54,26.65,0,0,,,
12/6/2025 9:03,28.33,27.69,27.96,38.35,36.96,24.12,27.31,28.46,26.53,0,0,,,
12/6/2025 9:03,28.42,27.77,28,38.4,37,24.1,27.37,28.43,26.58,0,0,,,
12/6/2025 9:03,28.42,27.73,28,38.49,37.08,24.17,27.36,28.44,26.54,0,0,,,
12/6/2025 9:03,28.39,27.67,27.96,38.29,36.94,24.11,27.34,28.42,26.58,0,0,,,
12/6/2025 9:03,28.5,27.83,28.1,38.63,37.2,24.12,27.25,28.36,26.51,0,0,,,
12/6/2025 9:03,28.49,27.73,28.07,38.5,37.07,24.17,27.35,28.43,26.51,0,0,,,
12/6/2025 9:03,28.46,27.81,28.07,38.53,37.1,24.13,27.29,28.39,26.48,0,0,,,
12/6/2025 9:03,28.55,27.85,28.13,38.53,37.14,24.13,27.23,28.31,26.44,0,0,,,
12/6/2025 9:03,28.55,27.88,28.17,38.65,37.21,24.19,27.39,28.49,26.56,0,0,,,
12/6/2025 9:03,28.67,27.91,28.25,38.65,37.17,24.21,27.36,28.43,26.6,0,0,,,
12/6/2025 9:03,28.59,27.87,28.2,38.64,37.21,24.2,27.43,28.52,26.66,0,0,,,
12/6/2025 9:03,28.6,27.88,28.21,38.71,37.22,24.21,27.42,28.51,26.6,0,0,,,
12/6/2025 9:03,28.63,27.95,28.21,38.67,37.2,24.11,27.29,28.38,26.51,0,0,,,
12/6/2025 9:03,28.71,28.06,28.3,38.82,37.3,24.2,27.36,28.47,26.53,0,0,,,
12/6/2025 9:03,28.68,27.9,28.25,38.75,37.28,24.17,27.35,28.45,26.55,0,0,,,
12/6/2025 9:03,28.59,27.87,28.19,38.66,37.2,24.14,27.27,28.4,26.44,0,0,,,
12/6/2025 9:03,28.66,27.95,28.25,38.87,37.34,24.16,27.33,28.44,26.53,0,0,,,
12/6/2025 9:03,28.66,27.91,28.24,38.82,37.28,24.16,27.39,28.5,26.56,0,0,,,
12/6/2025 9:03,28.66,27.95,28.28,38.91,37.38,24.13,27.33,28.39,26.51,0,0,,,
12/6/2025 9:03,28.72,27.98,28.29,38.68,37.2,24.1,27.31,28.4,26.49,0,0,,,
12/6/2025 9:03,28.78,28.06,28.35,39,37.44,24.19,27.4,28.49,26.63,0,0,,,
12/6/2025 9:03,28.9,28.16,28.45,39.14,37.51,24.19,27.34,28.48,26.49,0,0,,,
12/6/2025 9:03,28.88,28.15,28.43,38.97,37.37,24.23,27.48,28.57,26.7,0,0,,,
12/6/2025 9:03,29,28.19,28.5,39.1,37.49,24.23,27.43,28.53,26.64,0,0,,,
12/6/2025 9:03,28.84,28.07,28.42,38.96,37.42,24.19,27.42,28.48,26.61,0,0,,,
12/6/2025 9:03,28.94,28.16,28.47,38.97,37.41,24.22,27.42,28.55,26.61,0,0,,,
12/6/2025 9:03,28.98,28.19,28.57,39.14,37.62,24.24,27.44,28.51,26.72,0,0,,,
12/6/2025 9:03,28.89,28.14,28.43,39,37.42,24.16,27.29,28.43,26.48,0,0,,,
12/6/2025 9:03,28.88,28.06,28.44,39.02,37.54,24.17,27.36,28.43,26.56,0,0,,,
12/6/2025 9:03,28.96,28.23,28.5,38.97,37.44,24.2,27.32,28.43,26.53,0,0,,,
12/6/2025 9:03,29.01,28.29,28.53,39.16,37.55,24.13,27.32,28.43,26.49,0,0,,,
12/6/2025 9:03,29.01,28.19,28.5,39.15,37.53,24.14,27.35,28.44,26.52,0,0,,,
12/6/2025 9:03,29.09,28.29,28.6,39.29,37.71,24.21,27.43,28.56,26.64,0,0,,,
12/6/2025 9:03,29.07,28.33,28.63,39.2,37.56,24.17,27.34,28.42,26.47,0,0,,,
12/6/2025 9:03,29.07,28.29,28.65,39.27,37.69,24.21,27.34,28.48,26.53,0,0,,,
12/6/2025 9:03,29.1,28.3,28.62,39.37,37.71,24.19,27.44,28.49,26.62,0,0,,,
12/6/2025 9:03,29.24,28.46,28.76,39.41,37.79,24.24,27.41,28.53,26.61,0,0,,,
12/6/2025 9:03,29.21,28.4,28.73,39.39,37.75,24.2,27.39,28.48,26.61,0,0,,,
12/6/2025 9:03,29.19,28.43,28.75,39.5,37.8,24.2,27.4,28.46,26.63,0,0,,,
12/6/2025 9:03,29.18,28.41,28.72,39.34,37.68,24.18,27.32,28.48,26.56,0,0,,,
12/6/2025 9:03,29.18,28.35,28.72,39.42,37.72,24.15,27.35,28.45,26.57,0,0,,,
12/6/2025 9:03,29.11,28.33,28.69,39.34,37.71,24.13,27.35,28.47,26.53,0,0,,,
12/6/2025 9:03,29.38,28.52,28.88,39.55,37.87,24.3,27.51,28.57,26.73,0,0,,,
12/6/2025 9:03,29.31,28.47,28.83,39.53,37.85,24.21,27.38,28.48,26.59,0,0,,,
12/6/2025 9:03,29.27,28.5,28.84,39.58,37.82,24.24,27.44,28.54,26.63,0,0,,,
12/6/2025 9:03,29.22,28.4,28.76,39.44,37.7,24.16,27.43,28.51,26.63,0,0,,,
12/6/2025 9:03,29.41,28.52,28.87,39.54,37.86,24.22,27.43,28.49,26.66,0,0,,,
12/6/2025 9:03,29.34,28.53,28.82,39.53,37.82,24.22,27.46,28.55,26.67,0,0,,,
12/6/2025 9:03,29.36,28.51,28.86,39.64,37.95,24.17,27.36,28.46,26.59,0,0,,,
12/6/2025 9:03,29.44,28.61,28.91,39.69,37.94,24.28,27.48,28.63,26.68,0,0,,,
12/6/2025 9:03,29.36,28.56,28.89,39.64,37.86,24.26,27.52,28.61,26.69,0,0,,,
12/6/2025 9:03,29.49,28.64,28.94,39.62,37.88,24.2,27.34,28.43,26.54,0,0,,,
12/6/2025 9:03,29.46,28.57,28.94,39.76,37.96,24.25,27.46,28.6,26.62,0,0,,,
12/6/2025 9:03,29.45,28.6,28.94,39.64,37.94,24.25,27.46,28.56,26.69,0,0,,,
12/6/2025 9:03,29.46,28.67,29,39.68,37.96,24.23,27.44,28.55,26.61,0,0,,,
12/6/2025 9:03,29.54,28.71,29.06,39.9,38.13,24.23,27.41,28.46,26.59,0,0,,,
12/6/2025 9:03,29.56,28.65,29.03,39.83,38.02,24.22,27.37,28.51,26.56,0,0,,,
12/6/2025 9:03,29.58,28.67,29.05,39.74,37.97,24.21,27.43,28.46,26.65,0,0,,,
12/6/2025 9:03,29.5,28.6,28.97,39.75,38,24.15,27.34,28.43,26.5,0,0,,,
12/6/2025 9:03,29.62,28.7,29.07,39.98,38.13,24.2,27.4,28.45,26.6,0,0,,,
12/6/2025 9:04,29.54,28.69,29.05,39.78,38.03,24.23,27.45,28.61,26.66,0,0,,,
12/6/2025 9:04,29.54,28.68,29.04,39.85,38.06,24.2,27.41,28.55,26.65,0,0,,,
12/6/2025 9:04,29.78,28.9,29.21,40.02,38.14,24.26,27.53,28.61,26.72,0,0,,,
12/6/2025 9:04,29.7,28.8,29.16,40.06,38.17,24.22,27.45,28.58,26.63,0,0,,,
12/6/2025 9:04,29.74,28.82,29.18,40,38.12,24.18,27.38,28.49,26.57,0,0,,,
12/6/2025 9:04,29.79,28.85,29.23,40.14,38.26,24.17,27.37,28.45,26.59,0,0,,,
12/6/2025 9:04,29.67,28.7,29.12,40.03,38.14,24.18,27.39,28.52,26.64,0,0,,,
12/6/2025 9:04,29.72,28.82,29.18,40.03,38.19,24.22,27.42,28.52,26.63,0,0,,,
12/6/2025 9:04,29.71,28.83,29.16,39.93,38.15,24.21,27.41,28.53,26.61,0,0,,,
12/6/2025 9:04,29.78,28.85,29.24,40.2,38.32,24.11,27.33,28.43,26.52,0,0,,,
12/6/2025 9:04,29.83,28.9,29.29,40.12,38.25,24.24,27.41,28.52,26.61,0,0,,,
12/6/2025 9:04,29.92,29,29.34,40.34,38.42,24.29,27.48,28.57,26.66,0,0,,,
12/6/2025 9:04,29.85,28.99,29.27,40.13,38.23,24.2,27.38,28.45,26.58,0,0,,,
12/6/2025 9:04,29.87,28.89,29.31,40.13,38.32,24.24,27.54,28.64,26.69,0,0,,,
12/6/2025 9:04,29.73,28.9,29.23,39.93,38.15,24.19,27.43,28.54,26.64,0,0,,,
12/6/2025 9:04,29.86,28.99,29.35,40.34,38.36,24.28,27.44,28.58,26.61,0,0,,,
12/6/2025 9:04,29.89,28.95,29.34,40.31,38.4,24.2,27.38,28.42,26.58,0,0,,,
12/6/2025 9:04,29.91,28.96,29.37,40.3,38.41,24.22,27.48,28.57,26.71,0,0,,,
12/6/2025 9:04,30.02,29.07,29.48,40.51,38.51,24.29,27.5,28.56,26.68,0,0,,,
12/6/2025 9:04,29.97,29.06,29.48,40.49,38.53,24.27,27.4,28.45,26.56,0,0,,,
12/6/2025 9:04,30,29,29.4,40.26,38.38,24.22,27.42,28.56,26.65,0,0,,,
12/6/2025 9:04,29.95,29.1,29.47,40.41,38.45,24.28,27.5,28.62,26.7,0,0,,,
12/6/2025 9:04,30.1,29.11,29.51,40.58,38.61,24.26,27.46,28.56,26.71,0,0,,,
12/6/2025 9:04,30.07,29.06,29.49,40.33,38.39,24.28,27.41,28.53,26.6,0,0,,,
12/6/2025 9:04,30.19,29.11,29.59,40.55,38.61,24.3,27.44,28.54,26.64,0,0,,,
12/6/2025 9:04,30.07,29.14,29.57,40.49,38.58,24.3,27.49,28.59,26.7,0,0,,,
12/6/2025 9:04,30.14,29.13,29.55,40.66,38.64,24.2,27.37,28.47,26.59,0,0,,,
12/6/2025 9:04,30.1,29.14,29.56,40.61,38.6,24.2,27.35,28.51,26.57,0,0,,,
12/6/2025 9:04,30.08,29.15,29.57,40.48,38.54,24.26,27.46,28.57,26.67,0,0,,,
12/6/2025 9:04,30.02,29.09,29.5,40.5,38.51,24.23,27.43,28.51,26.65,0,0,,,
12/6/2025 9:04,30.12,29.21,29.54,40.55,38.55,24.11,27.36,28.52,26.59,0,0,,,
12/6/2025 9:04,30.28,29.24,29.72,40.8,38.76,24.28,27.45,28.55,26.63,0,0,,,
12/6/2025 9:04,30.2,29.27,29.63,40.7,38.69,24.19,27.39,28.47,26.56,0,0,,,
12/6/2025 9:04,30.18,29.25,29.66,40.58,38.58,24.23,27.48,28.57,26.71,0,0,,,
12/6/2025 9:04,30.25,29.32,29.68,40.67,38.66,24.22,27.45,28.54,26.64,0,0,,,
12/6/2025 9:04,30.26,29.32,29.73,40.83,38.73,24.23,27.44,28.53,26.61,0,0,,,
12/6/2025 9:04,30.22,29.22,29.64,40.64,38.66,24.27,27.48,28.61,26.69,0,0,,,
12/6/2025 9:04,30.2,29.23,29.68,40.73,38.69,24.17,27.39,28.52,26.58,0,0,,,
12/6/2025 9:04,30.35,29.34,29.74,40.87,38.83,24.23,27.51,28.65,26.7,0,0,,,
12/6/2025 9:04,30.31,29.3,29.74,40.8,38.7,24.19,27.39,28.48,26.61,0,0,,,
12/6/2025 9:04,30.34,29.33,29.77,40.78,38.73,24.24,27.49,28.59,26.7,0,0,,,
12/6/2025 9:04,30.29,29.3,29.73,40.71,38.69,24.26,27.37,28.46,26.57,0,0,,,
12/6/2025 9:04,30.37,29.33,29.8,40.89,38.82,24.29,27.55,28.67,26.77,0,0,,,
12/6/2025 9:04,30.41,29.38,29.82,40.94,38.89,24.24,27.45,28.54,26.64,0,0,,,
12/6/2025 9:04,30.48,29.45,29.89,40.94,38.87,24.35,27.54,28.65,26.76,0,0,,,
12/6/2025 9:04,30.47,29.41,29.84,41.03,38.91,24.29,27.56,28.62,26.82,0,0,,,
12/6/2025 9:04,30.46,29.42,29.9,41,38.81,24.3,27.54,28.65,26.64,0,0,,,
12/6/2025 9:04,30.53,29.48,29.91,41.07,38.89,24.28,27.35,28.45,26.52,0,0,,,
12/6/2025 9:04,30.47,29.56,29.91,40.97,38.86,24.25,27.43,28.56,26.65,0,0,,,
12/6/2025 9:04,30.51,29.5,29.92,41.03,38.93,24.24,27.47,28.56,26.69,0,0,,,
12/6/2025 9:04,30.52,29.51,29.91,41.01,38.98,24.22,27.45,28.52,26.61,0,0,,,
12/6/2025 9:04,30.5,29.44,29.91,41,38.93,24.26,27.51,28.64,26.7,0,0,,,
12/6/2025 9:04,30.38,29.38,29.8,40.9,38.85,24.14,27.38,28.47,26.58,0,0,,,
12/6/2025 9:04,30.58,29.58,30,41.17,39.03,24.24,27.41,28.53,26.61,0,0,,,
12/6/2025 9:04,30.68,29.72,30.08,41.35,39.09,24.26,27.51,28.6,26.7,0,0,,,
12/6/2025 9:04,30.61,29.62,30.01,41.18,39.02,24.21,27.39,28.47,26.58,0,0,,,
12/6/2025 9:04,30.67,29.66,30.05,41.19,39.02,24.22,27.51,28.6,26.67,0,0,,,
12/6/2025 9:04,30.6,29.56,30.01,41.21,39.06,24.28,27.48,28.57,26.64,0,0,,,
12/6/2025 9:04,30.66,29.58,30.04,41.2,39,24.29,27.5,28.57,26.69,0,0,,,
12/6/2025 9:04,30.66,29.65,30.09,41.15,39.01,24.28,27.47,28.55,26.67,0,0,,,
12/6/2025 9:05,30.63,29.6,30.03,41.06,38.96,24.18,27.41,28.51,26.6,0,0,,,
12/6/2025 9:05,30.81,29.7,30.17,41.37,39.16,24.34,27.51,28.62,26.7,0,0,,,
12/6/2025 9:05,30.65,29.59,30.04,41.18,39,24.26,27.43,28.5,26.63,0,0,,,
12/6/2025 9:05,30.81,29.81,30.18,41.36,39.13,24.39,27.69,28.77,26.9,0,0,,,
12/6/2025 9:05,30.85,29.81,30.21,41.51,39.2,24.27,27.46,28.56,26.63,0,0,,,
12/6/2025 9:05,30.89,29.79,30.26,41.51,39.23,24.29,27.56,28.69,26.73,0,0,,,
12/6/2025 9:05,30.76,29.69,30.17,41.35,39.18,24.25,27.41,28.53,26.56,0,0,,,
12/6/2025 9:05,30.78,29.77,30.17,41.3,39.13,24.3,27.4,28.52,26.63,0,0,,,
12/6/2025 9:05,30.89,29.79,30.25,41.59,39.27,24.34,27.56,28.59,26.77,0,0,,,
12/6/2025 9:05,30.86,29.74,30.22,41.46,39.16,24.29,27.46,28.51,26.63,0,0,,,
12/6/2025 9:05,30.83,29.75,30.22,41.51,39.22,24.32,27.57,28.67,26.81,0,0,,,
12/6/2025 9:05,30.89,29.8,30.24,41.45,39.18,24.3,27.44,28.6,26.66,0,0,,,
12/6/2025 9:05,30.77,29.78,30.19,41.41,39.24,24.21,27.33,28.48,26.53,0,0,,,
12/6/2025 9:05,30.95,29.76,30.25,41.48,39.22,24.3,27.5,28.58,26.73,0,0,,,
12/6/2025 9:05,30.95,29.81,30.31,41.57,39.3,24.25,27.46,28.5,26.68,0,0,,,
12/6/2025 9:05,30.85,29.78,30.24,41.46,39.23,24.3,27.53,28.62,26.76,0,0,,,
12/6/2025 9:05,31.03,29.91,30.37,41.62,39.32,24.24,27.43,28.5,26.68,0,0,,,
12/6/2025 9:05,31.1,30.04,30.49,41.96,39.54,24.34,27.57,28.64,26.74,0,0,,,
12/6/2025 9:05,30.99,29.95,30.38,41.64,39.33,24.26,27.46,28.53,26.62,0,0,,,
12/6/2025 9:05,31.2,30.05,30.52,41.92,39.53,24.37,27.56,28.58,26.77,0,0,,,
12/6/2025 9:05,31.02,29.87,30.36,41.63,39.37,24.27,27.48,28.6,26.67,0,0,,,
12/6/2025 9:05,31.1,29.98,30.43,41.66,39.37,24.32,27.49,28.58,26.67,0,0,,,
12/6/2025 9:05,31.09,29.94,30.44,41.83,39.43,24.23,27.45,28.54,26.68,0,0,,,
12/6/2025 9:05,31.05,29.95,30.39,41.75,39.44,24.29,27.51,28.58,26.72,0,0,,,
12/6/2025 9:05,31.09,29.94,30.4,41.76,39.43,24.26,27.44,28.55,26.7,0,0,,,
12/6/2025 9:05,31.1,30.03,30.5,41.78,39.49,24.31,27.5,28.63,26.72,0,0,,,
12/6/2025 9:05,31.14,30.05,30.47,41.68,39.43,24.35,27.61,28.71,26.77,0,0,,,
12/6/2025 9:05,31.2,30.04,30.53,41.88,39.54,24.34,27.52,28.64,26.77,0,0,,,
12/6/2025 9:05,31.14,30.02,30.49,41.88,39.42,24.27,27.43,28.57,26.67,0,0,,,
12/6/2025 9:05,31.16,30.06,30.51,41.85,39.48,24.24,27.42,28.49,26.64,0,0,,,
12/6/2025 9:05,31.31,30.15,30.61,42.07,39.72,24.28,27.46,28.56,26.68,0,0,,,
12/6/2025 9:05,31.21,30,30.5,41.79,39.49,24.25,27.44,28.54,26.63,0,0,,,
12/6/2025 9:05,31.34,30.19,30.65,42.02,39.69,24.34,27.5,28.6,26.69,0,0,,,
12/6/2025 9:05,31.27,30.12,30.59,42.07,39.64,24.31,27.58,28.64,26.79,0,0,,,
12/6/2025 9:05,31.4,30.21,30.68,42.2,39.75,24.32,27.51,28.66,26.69,0,0,,,
12/6/2025 9:05,31.29,30.13,30.62,41.86,39.56,24.24,27.38,28.49,26.57,0,0,,,
12/6/2025 9:05,31.39,30.14,30.62,42.11,39.62,24.26,27.49,28.63,26.7,0,0,,,
12/6/2025 9:05,31.3,30.11,30.63,41.97,39.58,24.26,27.49,28.61,26.7,0,0,,,
12/6/2025 9:05,31.39,30.16,30.67,42.14,39.67,24.31,27.52,28.65,26.7,0,0,,,
12/6/2025 9:05,31.38,30.21,30.72,42.12,39.72,24.32,27.48,28.6,26.67,0,0,,,
12/6/2025 9:05,31.29,30.16,30.63,41.96,39.59,24.21,27.5,28.53,26.76,0,0,,,
12/6/2025 9:05,31.43,30.3,30.76,42.19,39.76,24.35,27.59,28.7,26.76,0,0,,,
12/6/2025 9:05,31.48,30.31,30.79,42.24,39.81,24.38,27.56,28.69,26.78,0,0,,,
12/6/2025 9:05,31.36,30.17,30.67,41.98,39.65,24.23,27.42,28.48,26.64,0,0,,,
12/6/2025 9:05,31.42,30.23,30.72,42.14,39.69,24.27,27.5,28.62,26.68,0,0,,,
12/6/2025 9:05,31.5,30.35,30.82,42.22,39.76,24.34,27.56,28.69,26.79,0,0,,,
12/6/2025 9:05,31.49,30.25,30.77,42.2,39.77,24.28,27.48,28.58,26.66,0,0,,,
12/6/2025 9:05,31.51,30.26,30.77,42.16,39.72,24.29,27.45,28.58,26.61,0,0,,,
12/6/2025 9:05,31.51,30.29,30.81,42.27,39.84,24.3,27.45,28.58,26.64,0,0,,,
12/6/2025 9:05,31.51,30.36,30.83,42.31,39.85,24.24,27.46,28.53,26.66,0,0,,,
12/6/2025 9:05,31.52,30.36,30.8,42.37,39.86,24.29,27.46,28.56,26.63,0,0,,,
12/6/2025 9:05,31.49,30.26,30.79,42.19,39.73,24.26,27.55,28.66,26.73,0,0,,,
12/6/2025 9:05,31.57,30.29,30.87,42.29,39.83,24.3,27.55,28.67,26.77,0,0,,,
12/6/2025 9:05,31.63,30.41,30.89,42.44,39.92,24.31,27.46,28.59,26.65,0,0,,,
12/6/2025 9:05,31.65,30.41,30.93,42.4,39.93,24.33,27.45,28.5,26.61,0,0,,,
12/6/2025 9:05,31.69,30.38,30.93,42.47,39.94,24.32,27.51,28.6,26.68,0,0,,,
12/6/2025 9:05,31.58,30.42,30.89,42.42,39.9,24.29,27.48,28.64,26.68,0,0,,,
12/6/2025 9:05,31.63,30.5,30.95,42.47,39.93,24.33,27.58,28.65,26.79,0,0,,,
12/6/2025 9:05,31.59,30.4,30.93,42.45,39.9,24.4,27.62,28.72,26.81,0,0,,,
12/6/2025 9:05,31.72,30.48,30.96,42.44,39.89,24.28,27.52,28.66,26.75,0,0,,,
12/6/2025 9:06,31.59,30.41,30.9,42.37,39.86,24.19,27.45,28.55,26.67,0,0,,,
12/6/2025 9:06,31.74,30.52,31.04,42.62,40.05,24.28,27.52,28.64,26.73,0,0,,,
12/6/2025 9:06,31.77,30.47,31.01,42.66,40.1,24.27,27.43,28.54,26.6,0,0,,,
12/6/2025 9:06,31.67,30.46,30.94,42.39,39.87,24.25,27.48,28.57,26.7,0,0,,,
12/6/2025 9:06,31.74,30.53,31.04,42.42,40,24.3,27.44,28.53,26.64,0,0,,,
12/6/2025 9:06,31.77,30.53,31.06,42.67,40.1,24.29,27.51,28.65,26.72,0,0,,,
12/6/2025 9:06,31.79,30.57,31.11,42.66,40.13,24.32,27.54,28.66,26.71,0,0,,,
12/6/2025 9:06,31.75,30.47,31.05,42.61,40.05,24.35,27.64,28.76,26.89,0,0,,,
12/6/2025 9:06,31.84,30.61,31.13,42.7,40.1,24.42,27.62,28.69,26.86,0,0,,,
12/6/2025 9:06,31.9,30.63,31.17,42.88,40.25,24.35,27.58,28.7,26.79,0,0,,,
12/6/2025 9:06,31.82,30.61,31.09,42.69,40.1,24.33,27.51,28.63,26.72,0,0,,,
12/6/2025 9:06,31.81,30.56,31.1,42.59,40.06,24.25,27.43,28.51,26.61,0,0,,,
12/6/2025 9:06,31.87,30.52,31.12,42.76,40.18,24.27,27.49,28.62,26.69,0,0,,,
12/6/2025 9:06,31.92,30.65,31.16,42.76,40.17,24.28,27.51,28.57,26.7,0,0,,,
12/6/2025 9:06,31.84,30.63,31.14,42.74,40.16,24.32,27.52,28.63,26.69,0,0,,,
12/6/2025 9:06,31.82,30.57,31.14,42.73,40.15,24.25,27.47,28.5,26.69,0,0,,,
12/6/2025 9:06,31.89,30.66,31.17,42.79,40.21,24.34,27.53,28.59,26.74,0,0,,,
12/6/2025 9:06,31.87,30.59,31.18,42.78,40.18,24.39,27.52,28.65,26.74,0,0,,,
12/6/2025 9:06,31.97,30.79,31.29,43.01,40.39,24.36,27.6,28.73,26.85,0,0,,,
12/6/2025 9:06,32.03,30.78,31.29,42.98,40.3,24.39,27.6,28.74,26.82,0,0,,,
12/6/2025 9:06,32.03,30.76,31.28,42.88,40.24,24.33,27.56,28.68,26.72,0,0,,,
12/6/2025 9:06,32.06,30.81,31.33,42.9,40.32,24.36,27.55,28.65,26.8,0,0,,,
12/6/2025 9:06,32.08,30.77,31.34,42.98,40.31,24.34,27.55,28.66,26.75,0,0,,,
12/6/2025 9:06,32.03,30.76,31.31,43.08,40.4,24.37,27.56,28.66,26.77,0,0,,,
12/6/2025 9:06,32.08,30.83,31.32,42.99,40.34,24.38,27.65,28.73,26.85,0,0,,,
12/6/2025 9:06,31.93,30.73,31.25,42.9,40.29,24.29,27.57,28.64,26.72,0,0,,,
12/6/2025 9:06,32.09,30.8,31.34,43.1,40.4,24.28,27.47,28.54,26.66,0,0,,,
12/6/2025 9:06,32,30.79,31.28,42.79,40.23,24.3,27.45,28.56,26.65,0,0,,,
12/6/2025 9:06,32.21,30.92,31.47,43.33,40.54,24.39,27.56,28.61,26.77,0,0,,,
12/6/2025 9:06,32.14,30.81,31.39,43.06,40.35,24.37,27.65,28.78,26.85,0,0,,,
12/6/2025 9:06,32.19,30.89,31.47,43.17,40.45,24.39,27.57,28.7,26.78,0,0,,,
12/6/2025 9:06,32.21,30.94,31.46,43.19,40.49,24.31,27.54,28.64,26.75,0,0,,,
12/6/2025 9:06,32.2,30.92,31.43,43.14,40.39,24.35,27.54,28.63,26.74,0,0,,,
12/6/2025 9:06,32.23,30.91,31.46,43.17,40.49,24.37,27.57,28.7,26.77,0,0,,,
12/6/2025 9:06,32.1,30.81,31.37,43.12,40.47,24.27,27.42,28.49,26.66,0,0,,,
12/6/2025 9:06,32.26,30.98,31.48,43.19,40.52,24.33,27.42,28.53,26.62,0,0,,,
12/6/2025 9:06,32.15,30.91,31.47,43.26,40.54,24.37,27.58,28.63,26.79,0,0,,,
12/6/2025 9:06,32.29,30.97,31.51,43.42,40.62,24.36,27.64,28.73,26.84,0,0,,,
12/6/2025 9:06,32.32,30.93,31.51,43.27,40.53,24.32,27.58,28.7,26.81,0,0,,,
12/6/2025 9:06,32.21,30.96,31.5,43.21,40.55,24.35,27.57,28.68,26.8,0,0,,,
12/6/2025 9:06,32.35,31,31.57,43.26,40.45,24.38,27.63,28.71,26.88,0,0,,,
12/6/2025 9:06,32.26,30.97,31.54,43.32,40.55,24.38,27.57,28.65,26.76,0,0,,,
12/6/2025 9:06,32.38,31.04,31.57,43.33,40.58,24.39,27.57,28.7,26.75,0,0,,,
12/6/2025 9:06,32.33,31.02,31.57,43.29,40.56,24.37,27.57,28.68,26.81,0,0,,,
12/6/2025 9:06,32.39,30.97,31.57,43.28,40.57,24.36,27.53,28.62,26.74,0,0,,,
12/6/2025 9:06,32.43,31.05,31.61,43.46,40.67,24.38,27.61,28.7,26.81,0,0,,,
12/6/2025 9:06,32.5,31.05,31.68,43.57,40.74,24.35,27.51,28.59,26.75,0,0,,,
12/6/2025 9:06,32.41,31.1,31.66,43.53,40.7,24.29,27.44,28.58,26.66,0,0,,,
12/6/2025 9:06,32.45,31.09,31.65,43.4,40.59,24.37,27.6,28.69,26.79,0,0,,,
12/6/2025 9:06,32.41,31.05,31.64,43.41,40.59,24.31,27.45,28.57,26.63,0,0,,,
12/6/2025 9:06,32.46,31.15,31.69,43.52,40.72,24.32,27.56,28.68,26.75,0,0,,,
12/6/2025 9:06,32.43,31.09,31.66,43.4,40.63,24.35,27.52,28.57,26.74,0,0,,,
12/6/2025 9:06,32.45,31.14,31.69,43.49,40.69,24.4,27.57,28.68,26.78,0,0,,,
12/6/2025 9:06,32.48,31.13,31.69,43.55,40.7,24.36,27.5,28.62,26.72,0,0,,,
12/6/2025 9:06,32.57,31.21,31.78,43.65,40.71,24.46,27.64,28.74,26.87,0,0,,,
12/6/2025 9:06,32.57,31.17,31.74,43.49,40.67,24.4,27.62,28.69,26.78,0,0,,,
12/6/2025 9:06,32.6,31.29,31.79,43.55,40.74,24.37,27.6,28.69,26.84,0,0,,,
12/6/2025 9:06,32.58,31.24,31.77,43.46,40.69,24.29,27.54,28.64,26.71,0,0,,,
12/6/2025 9:06,32.63,31.27,31.86,43.87,40.95,24.4,27.59,28.69,26.82,0,0,,,
12/6/2025 9:06,32.64,31.23,31.8,43.53,40.71,24.39,27.61,28.73,26.79,0,0,,,
12/6/2025 9:07,32.63,31.29,31.82,43.67,40.82,24.39,27.51,28.59,26.71,0,0,,,
12/6/2025 9:07,32.72,31.29,31.9,43.77,40.93,24.38,27.69,28.82,26.87,0,0,,,
12/6/2025 9:07,32.58,31.21,31.8,43.65,40.83,24.36,27.55,28.63,26.78,0,0,,,
12/6/2025 9:07,32.72,31.27,31.87,43.74,40.88,24.4,27.57,28.65,26.73,0,0,,,
12/6/2025 9:07,32.74,31.27,31.89,43.72,40.85,24.34,27.55,28.63,26.78,0,0,,,
12/6/2025 9:07,32.57,31.26,31.81,43.55,40.73,24.33,27.58,28.68,26.75,0,0,,,
12/6/2025 9:07,32.74,31.27,31.91,43.72,40.86,24.42,27.63,28.7,26.84,0,0,,,
12/6/2025 9:07,32.73,31.38,31.92,43.77,40.93,24.36,27.57,28.72,26.77,0,0,,,
12/6/2025 9:07,32.67,31.23,31.86,43.78,40.88,24.36,27.6,28.73,26.79,0,0,,,
12/6/2025 9:07,32.71,31.32,31.94,43.9,41,24.4,27.63,28.76,26.79,0,0,,,
12/6/2025 9:07,32.78,31.48,32,43.94,41.01,24.45,27.65,28.77,26.81,0,0,,,
12/6/2025 9:07,32.92,31.39,32.05,44.01,41.06,24.46,27.71,28.76,26.95,0,0,,,
12/6/2025 9:07,32.79,31.35,31.97,43.89,41.04,24.42,27.58,28.68,26.77,0,0,,,
12/6/2025 9:07,32.88,31.39,31.99,43.89,41.02,24.31,27.5,28.58,26.71,0,0,,,
12/6/2025 9:07,32.97,31.48,32.12,44.13,41.14,24.44,27.64,28.77,26.84,0,0,,,
12/6/2025 9:07,32.81,31.45,31.99,43.82,40.98,24.46,27.68,28.8,26.85,0,0,,,
12/6/2025 9:07,32.81,31.43,32,43.83,40.87,24.39,27.6,28.73,26.82,0,0,,,
12/6/2025 9:07,32.85,31.45,32.02,43.84,40.94,24.42,27.69,28.76,26.9,0,0,,,
12/6/2025 9:07,32.82,31.39,31.99,43.9,41.01,24.35,27.57,28.67,26.78,0,0,,,
12/6/2025 9:07,32.9,31.43,32.07,43.92,40.98,24.36,27.64,28.71,26.85,0,0,,,
12/6/2025 9:07,32.91,31.44,32.07,44.13,41.08,24.39,27.59,28.69,26.78,0,0,,,
12/6/2025 9:07,32.99,31.52,32.12,44.05,41.08,24.39,27.6,28.65,26.78,0,0,,,
12/6/2025 9:07,32.82,31.39,32.04,43.95,41.01,24.39,27.58,28.68,26.83,0,0,,,
12/6/2025 9:07,33.03,31.63,32.21,44.2,41.22,24.41,27.6,28.74,26.79,0,0,,,
12/6/2025 9:07,32.83,31.42,32.02,43.92,41.02,24.39,27.53,28.63,26.75,0,0,,,
12/6/2025 9:07,32.96,31.49,32.13,44.07,41.16,24.45,27.66,28.77,26.88,0,0,,,
12/6/2025 9:07,33.04,31.55,32.16,44.16,41.13,24.33,27.54,28.64,26.79,0,0,,,
12/6/2025 9:07,33.02,31.63,32.19,44.19,41.21,24.45,27.7,28.74,26.9,0,0,,,
12/6/2025 9:07,33.04,31.59,32.18,44.22,41.2,24.44,27.6,28.71,26.86,0,0,,,
12/6/2025 9:07,32.99,31.49,32.11,44.06,41.06,24.4,27.61,28.76,26.8,0,0,,,
12/6/2025 9:07,32.97,31.54,32.19,44.17,41.19,24.39,27.6,28.78,26.87,0,0,,,
12/6/2025 9:07,33.04,31.58,32.22,44.25,41.23,24.43,27.61,28.67,26.82,0,0,,,
12/6/2025 9:07,33.06,31.56,32.21,44.21,41.2,24.38,27.56,28.63,26.76,0,0,,,
12/6/2025 9:07,33.09,31.61,32.25,44.2,41.19,24.43,27.6,28.72,26.81,0,0,,,
12/6/2025 9:07,33.06,31.67,32.23,44.24,41.19,24.41,27.63,28.72,26.87,0,0,,,
12/6/2025 9:07,33.11,31.66,32.28,44.33,41.29,24.37,27.58,28.69,26.76,0,0,,,
12/6/2025 9:07,33.15,31.68,32.31,44.25,41.2,24.47,27.65,28.77,26.9,0,0,,,
12/6/2025 9:07,33.13,31.69,32.29,44.33,41.31,24.44,27.57,28.65,26.74,0,0,,,
12/6/2025 9:07,33.11,31.63,32.26,44.29,41.33,24.42,27.61,28.69,26.85,0,0,,,
12/6/2025 9:07,33.29,31.8,32.42,44.48,41.38,24.48,27.73,28.83,26.92,0,0,,,
12/6/2025 9:07,33.17,31.66,32.29,44.31,41.27,24.47,27.69,28.78,26.91,0,0,,,
12/6/2025 9:07,33.21,31.74,32.35,44.42,41.3,24.4,27.67,28.76,26.96,0,0,,,
12/6/2025 9:07,33.27,31.77,32.38,44.52,41.44,24.42,27.54,28.63,26.81,0,0,,,
12/6/2025 9:07,33.2,31.76,32.36,44.38,41.41,24.42,27.59,28.73,26.78,0,0,,,
12/6/2025 9:07,33.32,31.74,32.42,44.52,41.42,24.44,27.7,28.77,26.9,0,0,,,
12/6/2025 9:07,33.21,31.69,32.35,44.48,41.37,24.45,27.61,28.74,26.8,0,0,,,
12/6/2025 9:07,33.28,31.7,32.37,44.42,41.33,24.43,27.58,28.71,26.78,0,0,,,
12/6/2025 9:07,33.26,31.73,32.39,44.38,41.42,24.42,27.63,28.69,26.83,0,0,,,
12/6/2025 9:07,33.29,31.78,32.43,44.51,41.43,24.36,27.56,28.7,26.75,0,0,,,
12/6/2025 9:07,33.22,31.77,32.36,44.43,41.37,24.41,27.55,28.64,26.73,0,0,,,
12/6/2025 9:07,33.34,31.76,32.4,44.57,41.46,24.4,27.68,28.74,26.88,0,0,,,
12/6/2025 9:07,33.24,31.8,32.42,44.39,41.32,24.41,27.57,28.7,26.75,0,0,,,
12/6/2025 9:07,33.31,31.82,32.46,44.59,41.48,24.39,27.64,28.7,26.89,0,0,,,
12/6/2025 9:07,33.37,31.89,32.49,44.66,41.54,24.41,27.64,28.73,26.87,0,0,,,
12/6/2025 9:07,33.39,31.83,32.48,44.6,41.54,24.38,27.59,28.7,26.82,0,0,,,
12/6/2025 9:07,33.43,31.91,32.55,44.72,41.56,24.42,27.57,28.64,26.81,0,0,,,
12/6/2025 9:07,33.36,31.88,32.49,44.57,41.47,24.38,27.58,28.69,26.78,0,0,,,
12/6/2025 9:07,33.38,31.83,32.53,44.53,41.45,24.49,27.68,28.81,26.87,0,0,,,
12/6/2025 9:07,33.43,31.94,32.56,44.77,41.63,24.41,27.59,28.71,26.78,0,0,,,
12/6/2025 9:07,33.52,31.94,32.57,44.67,41.48,24.48,27.65,28.74,26.9,0,0,,,
12/6/2025 9:08,33.39,31.96,32.56,44.68,41.55,24.42,27.67,28.76,26.87,0,0,,,
12/6/2025 9:08,33.41,31.93,32.57,44.77,41.58,24.43,27.59,28.67,26.8,0,0,,,
12/6/2025 9:08,33.49,32.01,32.64,44.93,41.67,24.49,27.67,28.74,26.9,0,0,,,
12/6/2025 9:08,33.47,31.92,32.59,44.75,41.6,24.42,27.66,28.81,26.87,0,0,,,
12/6/2025 9:08,33.44,31.89,32.55,44.76,41.59,24.5,27.7,28.83,26.95,0,0,,,
12/6/2025 9:08,33.46,31.94,32.55,44.76,41.6,24.4,27.58,28.65,26.77,0,0,,,
12/6/2025 9:08,33.46,31.93,32.59,44.74,41.57,24.45,27.59,28.67,26.84,0,0,,,
12/6/2025 9:08,33.46,31.96,32.63,44.88,41.71,24.46,27.61,28.72,26.81,0,0,,,
12/6/2025 9:08,33.56,32.04,32.71,44.91,41.75,24.44,27.69,28.78,26.89,0,0,,,
12/6/2025 9:08,33.53,32.04,32.65,44.71,41.59,24.41,27.66,28.73,26.83,0,0,,,
12/6/2025 9:08,33.49,32.04,32.66,44.91,41.72,24.49,27.73,28.83,26.94,0,0,,,
12/6/2025 9:08,33.47,31.97,32.57,44.64,41.57,24.42,27.6,28.69,26.83,0,0,,,
12/6/2025 9:08,33.55,32.1,32.68,44.79,41.61,24.44,27.67,28.76,26.8,0,0,,,
12/6/2025 9:08,33.52,32.05,32.68,44.89,41.68,24.38,27.58,28.68,26.74,0,0,,,
12/6/2025 9:08,33.56,32.04,32.67,44.85,41.71,24.44,27.65,28.73,26.87,0,0,,,
12/6/2025 9:08,33.61,32.06,32.72,44.88,41.67,24.37,27.56,28.64,26.78,0,0,,,
12/6/2025 9:08,33.7,32.16,32.79,45,41.76,24.49,27.69,28.81,26.89,0,0,,,
12/6/2025 9:08,33.65,32.07,32.71,44.88,41.67,24.47,27.71,28.85,26.89,0,0,,,
12/6/2025 9:08,33.73,32.15,32.79,44.99,41.73,24.5,27.67,28.73,26.89,0,0,,,
12/6/2025 9:08,33.71,32.21,32.83,45.02,41.84,24.44,27.62,28.7,26.85,0,0,,,
12/6/2025 9:08,33.78,32.22,32.87,45.03,41.83,24.49,27.72,28.86,26.95,0,0,,,
12/6/2025 9:08,33.64,32.12,32.78,45.04,41.83,24.51,27.62,28.65,26.83,0,0,,,
12/6/2025 9:08,33.73,32.13,32.8,45.03,41.83,24.41,27.62,28.79,26.88,0,0,,,
12/6/2025 9:08,33.74,32.2,32.83,45.08,41.81,24.43,27.68,28.77,26.91,0,0,,,
12/6/2025 9:08,33.7,32.13,32.79,44.94,41.72,24.42,27.61,28.73,26.81,0,0,,,
12/6/2025 9:08,33.72,32.18,32.81,44.99,41.85,24.48,27.67,28.79,26.87,0,0,,,
12/6/2025 9:08,33.82,32.21,32.9,45.22,41.95,24.49,27.68,28.77,26.84,0,0,,,
12/6/2025 9:08,33.71,32.18,32.86,45.11,41.84,24.47,27.69,28.78,26.88,0,0,,,
12/6/2025 9:08,33.77,32.2,32.84,45.09,41.83,24.41,27.65,28.74,26.85,0,0,,,
12/6/2025 9:08,33.83,32.25,32.9,45.2,41.88,24.45,27.59,28.63,26.82,0,0,,,
12/6/2025 9:08,33.87,32.28,32.94,45.21,41.91,24.44,27.6,28.69,26.79,0,0,,,
12/6/2025 9:08,33.81,32.24,32.86,45.1,41.86,24.41,27.65,28.74,26.82,0,0,,,
12/6/2025 9:08,33.86,32.3,32.96,45.27,42.02,24.5,27.72,28.85,26.89,0,0,,,
12/6/2025 9:08,33.76,32.24,32.91,45.1,41.88,24.54,27.73,28.83,26.9,0,0,,,
12/6/2025 9:08,33.92,32.34,32.99,45.32,42.03,24.53,27.74,28.85,26.9,0,0,,,
12/6/2025 9:08,33.8,32.19,32.91,45.13,41.9,24.43,27.65,28.77,26.85,0,0,,,
12/6/2025 9:08,33.96,32.39,33.05,45.33,42.01,24.51,27.72,28.79,26.87,0,0,,,
12/6/2025 9:08,33.89,32.25,32.97,45.29,41.99,24.38,27.53,28.63,26.75,0,0,,,
12/6/2025 9:08,33.92,32.34,32.99,45.28,41.94,24.41,27.64,28.71,26.83,0,0,,,
12/6/2025 9:08,33.98,32.42,33.03,45.29,41.96,24.48,27.73,28.79,26.94,0,0,,,
12/6/2025 9:08,33.96,32.35,33.02,45.3,41.98,24.43,27.66,28.74,26.89,0,0,,,
12/6/2025 9:08,33.89,32.3,32.99,45.36,42.04,24.45,27.62,28.72,26.77,0,0,,,
12/6/2025 9:08,34.04,32.43,33.06,45.34,42.02,24.53,27.76,28.82,26.93,0,0,,,
12/6/2025 9:08,34.04,32.4,33.1,45.47,42.19,24.46,27.7,28.83,26.88,0,0,,,
12/6/2025 9:08,33.99,32.39,33.07,45.56,42.19,24.49,27.7,28.81,26.93,0,0,,,
12/6/2025 9:08,34.01,32.43,33.08,45.34,42,24.46,27.67,28.75,26.85,0,0,,,
12/6/2025 9:08,34.05,32.4,33.09,45.44,42.09,24.49,27.67,28.76,26.88,0,0,,,
12/6/2025 9:08,34.06,32.49,33.14,45.49,42.1,24.51,27.74,28.78,26.93,0,0,,,
12/6/2025 9:08,34.02,32.46,33.12,45.38,42.07,24.46,27.7,28.77,26.92,0,0,,,
12/6/2025 9:08,34.07,32.47,33.1,45.4,42.09,24.44,27.65,28.77,26.85,0,0,,,
12/6/2025 9:08,34.16,32.53,33.22,45.64,42.25,24.5,27.65,28.74,26.89,0,0,,,
12/6/2025 9:08,34.06,32.45,33.12,45.46,42.07,24.43,27.65,28.77,26.85,0,0,,,
12/6/2025 9:08,34.15,32.52,33.23,45.59,42.17,24.51,27.71,28.82,26.91,0,0,,,
12/6/2025 9:08,34.08,32.47,33.18,45.55,42.09,24.49,27.62,28.74,26.84,0,0,,,
12/6/2025 9:08,34.13,32.56,33.2,45.58,42.21,24.5,27.7,28.82,26.88,0,0,,,
12/6/2025 9:08,34.05,32.48,33.14,45.59,42.22,24.41,27.63,28.74,26.85,0,0,,,
12/6/2025 9:08,34.16,32.49,33.18,45.61,42.19,24.54,27.8,28.95,27.02,0,0,,,
12/6/2025 9:08,34.13,32.5,33.19,45.49,42.12,24.46,27.73,28.82,26.88,0,0,,,
12/6/2025 9:08,34.15,32.47,33.17,45.56,42.19,24.46,27.57,28.65,26.76,0,0,,,
12/6/2025 9:08,34.11,32.44,33.13,45.51,42.14,24.41,27.58,28.68,26.83,0,0,,,
12/6/2025 9:09,34.21,32.48,33.26,45.63,42.24,24.46,27.66,28.73,26.85,0,0,,,
12/6/2025 9:09,34.02,32.44,33.16,45.62,42.23,24.44,27.64,28.79,26.8,0,0,,,
12/6/2025 9:09,34.17,32.58,33.23,45.53,42.18,24.52,27.75,28.82,26.98,0,0,,,
12/6/2025 9:09,34.22,32.55,33.25,45.55,42.15,24.47,27.6,28.64,26.79,0,0,,,
12/6/2025 9:09,34.34,32.64,33.39,45.82,42.39,24.46,27.63,28.73,26.81,0,0,,,
12/6/2025 9:09,34.25,32.54,33.26,45.7,42.31,24.53,27.67,28.77,26.87,0,0,,,
12/6/2025 9:09,34.25,32.64,33.28,45.82,42.37,24.43,27.63,28.69,26.83,0,0,,,
12/6/2025 9:09,34.24,32.63,33.27,45.63,42.22,24.44,27.57,28.65,26.75,0,0,,,
12/6/2025 9:09,34.26,32.57,33.29,45.68,42.25,24.46,27.72,28.83,26.91,0,0,,,
12/6/2025 9:09,34.28,32.69,33.39,45.84,42.38,24.53,27.7,28.78,26.91,0,0,,,
12/6/2025 9:09,34.25,32.62,33.33,45.77,42.31,24.46,27.68,28.77,26.9,0,0,,,
12/6/2025 9:09,34.36,32.68,33.36,45.93,42.45,24.49,27.69,28.81,26.89,0,0,,,
12/6/2025 9:09,34.32,32.6,33.32,45.88,42.38,24.46,27.65,28.73,26.9,0,0,,,
12/6/2025 9:09,34.28,32.66,33.34,45.74,42.3,24.44,27.6,28.68,26.81,0,0,,,
12/6/2025 9:09,34.41,32.72,33.42,45.79,42.35,24.48,27.67,28.76,26.84,0,0,,,
12/6/2025 9:09,34.33,32.7,33.34,45.85,42.4,24.5,27.71,28.82,26.91,0,0,,,
12/6/2025 9:09,34.34,32.66,33.38,45.85,42.36,24.44,27.59,28.7,26.77,0,0,,,
12/6/2025 9:09,34.31,32.66,33.36,45.84,42.33,24.49,27.69,28.78,26.9,0,0,,,
12/6/2025 9:09,34.37,32.72,33.43,45.86,42.43,24.4,27.62,28.72,26.82,0,0,,,
12/6/2025 9:09,34.35,32.72,33.38,45.82,42.37,24.46,27.67,28.8,26.86,0,0,,,
12/6/2025 9:09,34.42,32.74,33.45,45.94,42.46,24.53,27.71,28.82,26.91,0,0,,,
12/6/2025 9:09,34.53,32.81,33.51,45.88,42.4,24.49,27.7,28.73,26.91,0,0,,,
12/6/2025 9:09,34.54,32.86,33.52,46.05,42.58,24.52,27.69,28.81,26.84,0,0,,,
12/6/2025 9:09,34.53,32.85,33.53,46,42.5,24.54,27.75,28.88,26.92,0,0,,,
12/6/2025 9:09,34.46,32.74,33.49,45.93,42.5,24.53,27.78,28.9,27,0,0,,,
12/6/2025 9:09,34.46,32.77,33.52,45.94,42.47,24.51,27.73,28.83,26.92,0,0,,,
12/6/2025 9:09,34.53,32.84,33.54,46.02,42.52,24.53,27.69,28.86,26.94,0,0,,,
12/6/2025 9:09,34.59,32.83,33.58,46.18,42.6,24.51,27.73,28.82,26.94,0,0,,,
12/6/2025 9:09,34.57,32.85,33.58,46.03,42.52,24.49,27.7,28.81,26.95,0,0,,,
12/6/2025 9:09,34.51,32.82,33.54,46.03,42.48,24.53,27.75,28.89,26.95,0,0,,,
12/6/2025 9:09,34.51,32.81,33.51,45.94,42.49,24.52,27.75,28.87,26.98,0,0,,,
12/6/2025 9:09,34.58,32.8,33.57,46.1,42.58,24.51,27.73,28.73,26.91,0,0,,,
12/6/2025 9:09,34.66,32.9,33.62,46.21,42.69,24.57,27.74,28.86,26.93,0,0,,,
12/6/2025 9:09,34.54,32.81,33.55,46.08,42.56,24.52,27.7,28.81,26.89,0,0,,,
12/6/2025 9:09,34.6,32.91,33.6,46.16,42.57,24.6,27.82,28.93,27.01,0,0,,,
12/6/2025 9:09,34.59,32.89,33.62,46.31,42.72,24.46,27.71,28.82,26.93,0,0,,,
12/6/2025 9:09,34.64,32.92,33.65,46.2,42.6,24.55,27.74,28.88,26.93,0,0,,,
12/6/2025 9:09,34.58,32.91,33.64,46.18,42.64,24.52,27.74,28.81,26.92,0,0,,,
12/6/2025 9:09,34.7,32.97,33.68,46.27,42.72,24.55,27.8,28.88,26.95,0,0,,,
12/6/2025 9:09,34.63,32.9,33.63,46.17,42.59,24.5,27.71,28.8,26.9,0,0,,,
12/6/2025 9:09,34.66,32.92,33.64,46.11,42.58,24.57,27.75,28.88,26.93,0,0,,,
12/6/2025 9:09,34.61,32.96,33.65,46.22,42.6,24.57,27.73,28.82,26.9,0,0,,,
12/6/2025 9:09,34.67,32.94,33.69,46.21,42.63,24.54,27.73,28.87,26.88,0,0,,,
12/6/2025 9:09,34.75,33.01,33.74,46.28,42.75,24.49,27.74,28.83,26.97,0,0,,,
12/6/2025 9:09,34.7,33.03,33.7,46.29,42.73,24.52,27.72,28.8,26.94,0,0,,,
12/6/2025 9:09,34.71,32.96,33.72,46.25,42.7,24.49,27.66,28.72,26.84,0,0,,,
12/6/2025 9:09,34.76,33.1,33.81,46.54,42.85,24.52,27.77,28.95,26.98,0,0,,,
12/6/2025 9:09,34.71,33.02,33.73,46.16,42.64,24.46,27.74,28.87,26.93,0,0,,,
12/6/2025 9:09,34.77,33.09,33.78,46.47,42.78,24.48,27.63,28.71,26.81,0,0,,,
12/6/2025 9:09,34.74,32.98,33.76,46.38,42.82,24.47,27.7,28.78,26.9,0,0,,,
12/6/2025 9:09,34.79,33.06,33.77,46.39,42.78,24.56,27.79,28.86,26.95,0,0,,,
12/6/2025 9:09,34.77,33.06,33.74,46.37,42.75,24.54,27.67,28.73,26.86,0,0,,,
12/6/2025 9:09,34.74,33.01,33.76,46.3,42.66,24.47,27.66,28.75,26.84,0,0,,,
12/6/2025 9:09,34.85,33.13,33.87,46.67,42.97,24.52,27.72,28.84,26.92,0,0,,,
12/6/2025 9:09,34.81,33.07,33.81,46.38,42.78,24.58,27.8,28.88,26.95,0,0,,,
12/6/2025 9:09,34.77,33.04,33.75,46.36,42.73,24.52,27.76,28.78,26.93,0,0,,,
12/6/2025 9:09,34.82,33.04,33.79,46.51,42.88,24.48,27.68,28.8,26.91,0,0,,,
12/6/2025 9:09,34.84,33.06,33.79,46.41,42.78,24.5,27.69,28.77,26.86,0,0,,,
12/6/2025 9:09,34.84,33.09,33.83,46.47,42.78,24.54,27.74,28.85,26.95,0,0,,,
12/6/2025 9:09,34.88,33.13,33.9,46.61,42.95,24.58,27.71,28.86,26.85,0,0,,,
12/6/2025 9:10,34.88,33.06,33.84,46.51,42.9,24.5,27.66,28.77,26.9,0,0,,,
12/6/2025 9:10,34.82,33.09,33.81,46.41,42.8,24.45,27.68,28.77,26.89,0,0,,,
12/6/2025 9:10,34.94,33.17,33.91,46.59,42.94,24.55,27.74,28.86,26.87,0,0,,,
12/6/2025 9:10,34.87,33.11,33.86,46.54,42.91,24.53,27.67,28.78,26.87,0,0,,,
12/6/2025 9:10,34.85,33.19,33.9,46.54,42.88,24.47,27.69,28.78,26.95,0,0,,,
12/6/2025 9:10,34.85,33.06,33.82,46.49,42.86,24.48,27.64,28.74,26.9,0,0,,,
12/6/2025 9:10,34.95,33.22,33.95,46.6,42.94,24.52,27.73,28.88,26.93,0,0,,,
12/6/2025 9:10,34.84,33.16,33.86,46.4,42.77,24.48,27.75,28.87,26.93,0,0,,,
12/6/2025 9:10,34.96,33.18,33.92,46.58,42.95,24.49,27.69,28.74,26.82,0,0,,,
12/6/2025 9:10,35.02,33.16,33.98,46.61,42.97,24.56,27.76,28.84,26.97,0,0,,,
12/6/2025 9:10,34.98,33.2,33.93,46.66,43,24.58,27.78,28.85,27.01,0,0,,,
12/6/2025 9:10,35.06,33.26,34.02,46.71,42.95,24.56,27.79,28.84,26.96,0,0,,,
12/6/2025 9:10,34.92,33.25,33.93,46.58,42.95,24.51,27.76,28.89,27,0,0,,,
12/6/2025 9:10,35.1,33.28,34.02,46.65,42.94,24.56,27.76,28.85,26.98,0,0,,,
12/6/2025 9:10,35.03,33.18,33.96,46.63,42.99,24.49,27.72,28.79,26.89,0,0,,,
12/6/2025 9:10,35.08,33.3,34.06,46.71,43.06,24.57,27.75,28.81,26.95,0,0,,,
12/6/2025 9:10,35.09,33.3,34.03,46.61,42.91,24.53,27.79,28.93,26.97,0,0,,,
12/6/2025 9:10,35.09,33.32,34.04,46.67,43.02,24.64,27.81,28.93,26.99,0,0,,,
12/6/2025 9:10,35.07,33.31,34.09,46.82,43.1,24.58,27.7,28.76,26.89,0,0,,,
12/6/2025 9:10,35.09,33.24,34.04,46.81,43.09,24.58,27.82,28.94,27.05,0,0,,,
12/6/2025 9:10,35.16,33.34,34.1,46.75,43.05,24.57,27.81,28.94,27.03,0,0,,,
12/6/2025 9:10,35.01,33.25,34.01,46.64,42.93,24.61,27.75,28.85,26.92,0,0,,,
12/6/2025 9:10,35.08,33.24,34.03,46.8,43.08,24.53,27.76,28.85,26.95,0,0,,,
12/6/2025 9:10,35.12,33.29,34.07,46.87,43.1,24.54,27.66,28.78,26.87,0,0,,,
12/6/2025 9:10,35.02,33.25,34,46.68,42.98,24.52,27.73,28.76,26.96,0,0,,,
12/6/2025 9:10,35.06,33.38,34.08,46.8,43.07,24.58,27.76,28.87,27.05,0,0,,,
12/6/2025 9:10,35.08,33.29,34.01,46.69,43.06,24.53,27.78,28.83,26.99,0,0,,,
12/6/2025 9:10,35.11,33.35,34.07,46.78,43.1,24.56,27.81,28.89,26.94,0,0,,,
12/6/2025 9:10,35.19,33.36,34.11,46.9,43.19,24.57,27.75,28.89,26.86,0,0,,,
12/6/2025 9:10,35.27,33.47,34.22,47.02,43.24,24.62,27.87,29,27.13,0,0,,,
12/6/2025 9:10,35.22,33.37,34.13,47.02,43.18,24.48,27.66,28.79,26.82,0,0,,,
12/6/2025 9:10,35.21,33.44,34.16,46.84,43.12,24.51,27.79,28.92,26.94,0,0,,,
12/6/2025 9:10,35.05,33.27,34.04,46.79,43.04,24.6,27.81,28.93,27,0,0,,,
12/6/2025 9:10,35.25,33.45,34.22,46.96,43.19,24.64,27.87,29,27.01,0,0,,,
12/6/2025 9:10,35.25,33.41,34.18,47,43.2,24.58,27.82,28.92,27.08,0,0,,,
12/6/2025 9:10,35.36,33.51,34.24,47.06,43.22,24.57,27.73,28.8,26.91,0,0,,,
12/6/2025 9:10,35.18,33.39,34.15,46.83,43.15,24.55,27.75,28.83,26.94,0,0,,,
12/6/2025 9:10,35.35,33.51,34.28,47.17,43.31,24.61,27.84,28.95,27.02,0,0,,,
12/6/2025 9:10,35.34,33.51,34.26,47.01,43.2,24.57,27.76,28.88,26.99,0,0,,,
12/6/2025 9:10,35.17,33.41,34.15,46.87,43.12,24.53,27.78,28.86,27.03,0,0,,,
12/6/2025 9:10,35.36,33.49,34.28,47.1,43.27,24.61,27.74,28.82,26.92,0,0,,,
12/6/2025 9:10,35.38,33.54,34.27,47.11,43.29,24.53,27.78,28.89,27,0,0,,,
12/6/2025 9:10,35.3,33.44,34.24,47.05,43.25,24.58,27.81,28.93,27.01,0,0,,,
12/6/2025 9:10,35.27,33.43,34.24,47.01,43.24,24.57,27.76,28.82,26.94,0,0,,,
12/6/2025 9:10,35.33,33.46,34.28,47.06,43.28,24.53,27.73,28.89,26.91,0,0,,,
12/6/2025 9:10,35.35,33.54,34.29,47.05,43.28,24.57,27.84,28.91,27.02,0,0,,,
12/6/2025 9:10,35.31,33.47,34.27,47.09,43.26,24.56,27.74,28.81,26.95,0,0,,,
12/6/2025 9:10,35.45,33.6,34.38,47.21,43.4,24.61,27.76,28.83,26.94,0,0,,,
12/6/2025 9:10,35.44,33.53,34.35,47.15,43.33,24.62,27.84,28.93,27.05,0,0,,,
12/6/2025 9:10,35.34,33.55,34.33,47.08,43.29,24.6,27.86,28.94,27.09,0,0,,,
12/6/2025 9:10,35.42,33.52,34.36,47.24,43.42,24.61,27.79,28.89,26.97,0,0,,,
12/6/2025 9:10,35.4,33.52,34.32,47.03,43.33,24.6,27.75,28.83,26.94,0,0,,,
12/6/2025 9:10,35.35,33.51,34.27,47.12,43.24,24.5,27.66,28.81,26.86,0,0,,,
12/6/2025 9:10,35.39,33.55,34.34,47.22,43.32,24.55,27.74,28.78,26.93,0,0,,,
12/6/2025 9:10,35.47,33.64,34.41,47.12,43.34,24.58,27.84,28.93,26.97,0,0,,,
12/6/2025 9:10,35.37,33.49,34.29,47.05,43.21,24.57,27.79,28.91,27,0,0,,,
12/6/2025 9:10,35.29,33.44,34.25,47.11,43.31,24.61,27.77,28.86,26.97,0,0,,,
12/6/2025 9:10,35.54,33.62,34.41,47.31,43.42,24.56,27.73,28.82,26.92,0,0,,,
12/6/2025 9:10,35.61,33.74,34.51,47.39,43.49,24.64,27.82,28.93,27.02,0,0,,,
12/6/2025 9:10,35.46,33.62,34.4,47.31,43.41,24.56,27.78,28.84,27.01,0,0,,,
12/6/2025 9:11,35.45,33.65,34.43,47.24,43.38,24.53,27.71,28.87,26.9,0,0,,,
12/6/2025 9:11,35.51,33.66,34.45,47.33,43.46,24.6,27.79,28.89,26.98,0,0,,,
12/6/2025 9:11,35.55,33.68,34.49,47.45,43.55,24.57,27.72,28.8,26.97,0,0,,,
12/6/2025 9:11,35.52,33.69,34.46,47.32,43.46,24.58,27.73,28.89,26.94,0,0,,,
12/6/2025 9:11,35.52,33.61,34.44,47.21,43.39,24.65,27.83,28.9,27,0,0,,,
12/6/2025 9:11,35.51,33.64,34.42,47.17,43.39,24.61,27.87,29,27.09,0,0,,,
12/6/2025 9:11,35.49,33.7,34.48,47.34,43.5,24.61,27.79,28.86,27.01,0,0,,,
12/6/2025 9:11,35.54,33.65,34.45,47.23,43.37,24.61,27.84,28.98,27.02,0,0,,,
12/6/2025 9:11,35.57,33.64,34.44,47.38,43.52,24.54,27.74,28.78,26.9,0,0,,,
12/6/2025 9:11,35.6,33.76,34.53,47.45,43.55,24.57,27.78,28.88,26.98,0,0,,,
12/6/2025 9:11,35.59,33.73,34.49,47.42,43.54,24.57,27.83,28.92,27.02,0,0,,,
12/6/2025 9:11,35.6,33.76,34.51,47.35,43.44,24.63,27.84,28.94,27.1,0,0,,,
12/6/2025 9:11,35.66,33.78,34.58,47.53,43.56,24.59,27.76,28.83,26.97,0,0,,,
12/6/2025 9:11,35.64,33.7,34.53,47.38,43.55,24.61,27.8,28.91,27.02,0,0,,,
12/6/2025 9:11,35.64,33.74,34.54,47.46,43.53,24.6,27.76,28.83,26.95,0,0,,,
12/6/2025 9:11,35.7,33.81,34.58,47.51,43.59,24.58,27.76,28.87,26.93,0,0,,,
12/6/2025 9:11,35.73,33.8,34.63,47.55,43.65,24.66,27.83,28.93,26.99,0,0,,,
12/6/2025 9:11,35.73,33.86,34.62,47.53,43.56,24.66,27.86,28.96,27.1,0,0,,,
12/6/2025 9:11,35.73,33.83,34.63,47.5,43.57,24.65,27.92,29.01,27.08,0,0,,,
12/6/2025 9:11,35.69,33.8,34.56,47.51,43.51,24.66,27.9,29.04,27.12,0,0,,,
12/6/2025 9:11,35.57,33.69,34.51,47.37,43.51,24.58,27.76,28.87,26.9,0,0,,,
12/6/2025 9:11,35.64,33.72,34.54,47.5,43.62,24.63,27.83,28.92,27.03,0,0,,,
12/6/2025 9:11,35.68,33.82,34.6,47.45,43.58,24.65,27.85,28.95,27.08,0,0,,,
12/6/2025 9:11,35.76,33.85,34.66,47.7,43.69,24.66,27.81,28.89,27.02,0,0,,,
12/6/2025 9:11,35.7,33.84,34.62,47.57,43.6,24.55,27.77,28.85,26.95,0,0,,,
12/6/2025 9:11,35.81,33.92,34.7,47.63,43.64,24.57,27.82,28.91,27.01,0,0,,,
12/6/2025 9:11,35.83,33.87,34.71,47.63,43.67,24.65,27.81,28.88,27.02,0,0,,,
12/6/2025 9:11,35.76,33.8,34.64,47.55,43.67,24.58,27.76,28.81,26.92,0,0,,,
12/6/2025 9:11,35.76,33.91,34.67,47.62,43.68,24.58,27.79,28.92,26.99,0,0,,,
12/6/2025 9:11,35.84,33.88,34.71,47.61,43.67,24.59,27.77,28.89,26.96,0,0,,,
12/6/2025 9:11,35.82,33.87,34.71,47.58,43.67,24.66,27.86,28.97,27.08,0,0,,,
12/6/2025 9:11,35.84,33.89,34.72,47.76,43.81,24.63,27.88,28.95,27.12,0,0,,,
12/6/2025 9:11,35.73,33.84,34.62,47.52,43.54,24.6,27.85,28.96,27.05,0,0,,,
12/6/2025 9:11,35.8,33.85,34.67,47.64,43.7,24.61,27.84,28.95,27,0,0,,,
12/6/2025 9:11,35.79,33.9,34.68,47.58,43.65,24.66,27.81,28.89,27.05,0,0,,,
12/6/2025 9:11,35.94,34,34.77,47.65,43.72,24.58,27.79,28.88,26.94,0,0,,,
12/6/2025 9:11,35.83,33.94,34.72,47.69,43.75,24.6,27.79,28.89,26.97,0,0,,,
12/6/2025 9:11,35.87,33.83,34.72,47.61,43.65,24.54,27.72,28.78,26.91,0,0,,,
12/6/2025 9:11,35.8,33.94,34.7,47.55,43.6,24.65,27.84,28.95,27.03,0,0,,,
12/6/2025 9:11,35.81,33.93,34.72,47.66,43.72,24.64,27.86,28.93,26.98,0,0,,,
12/6/2025 9:11,35.86,33.93,34.76,47.74,43.82,24.54,27.76,28.84,26.98,0,0,,,
12/6/2025 9:11,35.83,33.9,34.69,47.62,43.65,24.61,27.83,28.86,27.01,0,0,,,
12/6/2025 9:11,35.95,34.01,34.78,47.81,43.75,24.52,27.69,28.81,26.87,0,0,,,
12/6/2025 9:11,35.87,33.97,34.77,47.73,43.76,24.6,27.77,28.86,26.96,0,0,,,
12/6/2025 9:11,35.98,34.01,34.83,47.81,43.87,24.64,27.87,28.94,27.08,0,0,,,
12/6/2025 9:11,35.96,34.04,34.87,47.95,43.94,24.55,27.77,28.91,26.98,0,0,,,
12/6/2025 9:11,35.95,33.98,34.8,47.8,43.81,24.57,27.77,28.82,26.95,0,0,,,
12/6/2025 9:11,35.94,33.97,34.78,47.78,43.8,24.64,27.85,28.98,27.05,0,0,,,
12/6/2025 9:11,35.89,33.97,34.78,47.7,43.73,24.59,27.8,28.88,26.99,0,0,,,
12/6/2025 9:11,35.99,34.05,34.84,47.79,43.81,24.61,27.79,28.9,27,0,0,,,
12/6/2025 9:11,35.96,34.05,34.83,47.74,43.76,24.65,27.93,29.06,27.16,0,0,,,
12/6/2025 9:11,36.01,34.06,34.89,48.07,43.98,24.7,27.91,28.98,27.05,0,0,,,
12/6/2025 9:11,35.98,34.06,34.85,47.98,43.94,24.61,27.79,28.92,27.01,0,0,,,
12/6/2025 9:11,36.02,34.13,34.9,47.87,43.85,24.66,27.87,29,27.04,0,0,,,
12/6/2025 9:11,36.04,34.04,34.9,47.96,43.95,24.72,28,29.1,27.18,0,0,,,
12/6/2025 9:11,36.06,34.09,34.88,48.02,43.89,24.65,27.9,29.01,27.11,0,0,,,
12/6/2025 9:11,36.01,34.06,34.88,47.84,43.84,24.63,27.8,28.88,26.97,0,0,,,
12/6/2025 9:11,36.08,34.15,34.94,48.13,44.02,24.6,27.89,29.02,27.1,0,0,,,
12/6/2025 9:11,36.06,34.14,34.9,47.98,43.87,24.67,27.87,28.99,27.1,0,0,,,
12/6/2025 9:11,36.06,34.12,34.92,48.01,43.91,24.63,27.81,28.89,27.01,0,0,,,
12/6/2025 9:12,36.01,34.09,34.91,47.96,43.93,24.68,27.93,29.06,27.13,0,0,,,
12/6/2025 9:12,36.07,34.18,34.97,48.08,44,24.7,27.92,29.07,27.17,0,0,,,
12/6/2025 9:12,36.11,34.12,34.99,48.02,43.89,24.62,27.89,28.99,27.11,0,0,,,
12/6/2025 9:12,36.05,34.09,34.91,47.88,43.91,24.65,27.84,28.93,27.09,0,0,,,
12/6/2025 9:12,36.1,34.15,34.96,48.08,44.03,24.65,27.87,28.97,27.05,0,0,,,
12/6/2025 9:12,36.05,34.13,34.98,48.08,43.95,24.67,27.81,28.91,26.98,0,0,,,
12/6/2025 9:12,36.08,34.11,34.95,47.9,43.86,24.65,27.86,28.96,27.04,0,0,,,
12/6/2025 9:12,36.08,34.15,34.97,48.06,43.99,24.59,27.75,28.84,26.97,0,0,,,
12/6/2025 9:12,36.12,34.16,34.96,48.09,44.04,24.64,27.83,28.97,27.01,0,0,,,
12/6/2025 9:12,36.19,34.21,35.02,47.99,43.93,24.65,27.81,28.9,27.04,0,0,,,
12/6/2025 9:12,36.18,34.2,35.06,48.09,43.97,24.65,27.99,29.07,27.17,0,0,,,
12/6/2025 9:12,36.14,34.13,34.96,47.99,43.9,24.61,27.85,28.96,27.05,0,0,,,
12/6/2025 9:12,36.22,34.27,35.06,48.22,44.14,24.62,27.77,28.9,26.96,0,0,,,
12/6/2025 9:12,36.15,34.24,35.04,48.18,44.1,24.68,27.89,28.97,27.12,0,0,,,
12/6/2025 9:12,36.15,34.11,34.97,48.07,44.04,24.56,27.76,28.88,26.98,0,0,,,
12/6/2025 9:12,36.18,34.16,35,47.96,43.92,24.67,27.92,29.02,27.19,0,0,,,
12/6/2025 9:12,36.1,34.21,35,48.08,44.02,24.65,27.82,28.93,27.04,0,0,,,
12/6/2025 9:12,36.16,34.2,35.06,48.15,44.07,24.65,27.92,29.05,27.17,0,0,,,
12/6/2025 9:12,36.16,34.13,34.98,48.03,43.97,24.59,27.79,28.87,27.01,0,0,,,
12/6/2025 9:12,36.26,34.32,35.1,48.14,44.09,24.65,27.92,29.01,27.12,0,0,,,
12/6/2025 9:12,36.23,34.25,35.06,48.13,44.05,24.64,27.81,28.9,26.98,0,0,,,
12/6/2025 9:12,36.26,34.35,35.12,48.19,44.04,24.71,27.86,28.95,27.04,0,0,,,
12/6/2025 9:12,36.28,34.31,35.13,48.18,44.15,24.74,27.91,29.03,27.09,0,0,,,
12/6/2025 9:12,36.4,34.35,35.2,48.45,44.29,24.66,27.87,28.95,27.05,0,0,,,
12/6/2025 9:12,36.23,34.24,35.1,48.14,44.02,24.75,27.98,29.04,27.2,0,0,,,
12/6/2025 9:12,36.26,34.36,35.16,48.26,44.16,24.7,27.88,28.94,27.09,0,0,,,
12/6/2025 9:12,36.31,34.33,35.18,48.26,44.21,24.66,27.93,29.04,27.16,0,0,,,
12/6/2025 9:12,36.29,34.33,35.14,48.32,44.15,24.7,27.94,29.03,27.15,0,0,,,
12/6/2025 9:12,36.33,34.31,35.15,48.14,44.05,24.67,27.89,29.03,27.11,0,0,,,
12/6/2025 9:12,36.33,34.33,35.16,48.38,44.18,24.7,27.87,28.95,27.03,0,0,,,
12/6/2025 9:12,36.34,34.33,35.19,48.44,44.28,24.72,27.96,29.11,27.22,0,0,,,
12/6/2025 9:12,36.4,34.36,35.19,48.25,44.12,24.64,27.87,28.95,27.06,0,0,,,
12/6/2025 9:12,36.36,34.31,35.16,48.31,44.14,24.65,27.82,28.89,26.98,0,0,,,
12/6/2025 9:12,36.32,34.3,35.16,48.29,44.15,24.72,27.89,29,27.05,0,0,,,
12/6/2025 9:12,36.4,34.38,35.21,48.35,44.17,24.64,27.81,28.89,27.06,0,0,,,
12/6/2025 9:12,36.36,34.38,35.24,48.41,44.26,24.62,27.8,28.94,26.99,0,0,,,
12/6/2025 9:12,36.29,34.35,35.15,48.26,44.14,24.65,27.84,29.02,27.04,0,0,,,
12/6/2025 9:12,36.48,34.47,35.3,48.39,44.32,24.67,27.82,28.92,27.03,0,0,,,
12/6/2025 9:12,36.39,34.37,35.24,48.49,44.31,24.69,27.85,28.89,27.08,0,0,,,
12/6/2025 9:12,36.45,34.33,35.23,48.31,44.18,24.7,27.86,28.95,27.06,0,0,,,
12/6/2025 9:12,36.38,34.35,35.21,48.34,44.2,24.71,27.92,29.02,27.12,0,0,,,
12/6/2025 9:12,36.37,34.36,35.2,48.36,44.23,24.68,27.83,28.92,27,0,0,,,
12/6/2025 9:12,36.48,34.45,35.29,48.48,44.26,24.72,27.84,28.95,27.04,0,0,,,
12/6/2025 9:12,36.38,34.34,35.22,48.48,44.28,24.6,27.82,28.94,27,0,0,,,
12/6/2025 9:12,36.48,34.37,35.25,48.44,44.27,24.68,27.85,29.01,27.05,0,0,,,
12/6/2025 9:12,36.46,34.44,35.25,48.34,44.18,24.64,27.89,29.02,27.07,0,0,,,
12/6/2025 9:12,36.54,34.39,35.27,48.5,44.26,24.67,27.9,29.01,27.12,0,0,,,
12/6/2025 9:12,36.42,34.41,35.27,48.35,44.17,24.73,27.91,29,27.08,0,0,,,
12/6/2025 9:12,36.47,34.43,35.29,48.48,44.28,24.65,27.8,28.85,26.97,0,0,,,
12/6/2025 9:12,36.52,34.51,35.34,48.5,44.3,24.71,27.88,28.95,27.07,0,0,,,
12/6/2025 9:12,36.46,34.41,35.29,48.42,44.22,24.65,27.86,28.99,27.04,0,0,,,
12/6/2025 9:12,36.37,34.37,35.24,48.48,44.33,24.7,27.96,29.09,27.18,0,0,,,
12/6/2025 9:12,36.45,34.48,35.28,48.55,44.42,24.64,27.89,28.99,27.05,0,0,,,
12/6/2025 9:12,36.57,34.5,35.35,48.62,44.39,24.71,27.89,29.02,27.09,0,0,,,
12/6/2025 9:12,36.52,34.55,35.38,48.63,44.35,24.76,28.04,29.14,27.23,0,0,,,
12/6/2025 9:12,36.52,34.44,35.31,48.5,44.28,24.71,27.88,29.03,27.1,0,0,,,
12/6/2025 9:12,36.64,34.56,35.43,48.67,44.45,24.66,27.81,28.86,27.04,0,0,,,
12/6/2025 9:12,36.52,34.46,35.29,48.56,44.36,24.68,27.93,28.99,27.13,0,0,,,
12/6/2025 9:12,36.62,34.55,35.41,48.69,44.44,24.7,27.88,28.99,27.08,0,0,,,
12/6/2025 9:12,36.57,34.5,35.39,48.49,44.3,24.71,27.93,29.01,27.15,0,0,,,
12/6/2025 9:13,36.56,34.55,35.39,48.56,44.39,24.7,27.91,29.05,27.07,0,0,,,
12/6/2025 9:13,36.5,34.51,35.32,48.43,44.28,24.66,27.87,28.96,27.05,0,0,,,
12/6/2025 9:13,36.63,34.49,35.39,48.6,44.35,24.73,27.92,29.02,27.11,0,0,,,
12/6/2025 9:13,36.61,34.49,35.39,48.59,44.4,24.63,27.84,28.9,27.03,0,0,,,
12/6/2025 9:13,36.61,34.54,35.42,48.65,44.44,24.68,27.96,29.03,27.2,0,0,,,
12/6/2025 9:13,36.65,34.58,35.44,48.74,44.49,24.7,27.92,29,27.16,0,0,,,
12/6/2025 9:13,36.64,34.61,35.45,48.66,44.39,24.73,27.93,29.06,27.09,0,0,,,
12/6/2025 9:13,36.57,34.5,35.38,48.62,44.39,24.67,27.83,28.91,27.06,0,0,,,
12/6/2025 9:13,36.57,34.49,35.39,48.69,44.47,24.72,27.87,28.99,27.04,0,0,,,
12/6/2025 9:13,36.65,34.68,35.54,48.89,44.53,24.77,28.01,29.12,27.22,0,0,,,
12/6/2025 9:13,36.61,34.61,35.42,48.65,44.41,24.68,27.85,28.94,27.04,0,0,,,
12/6/2025 9:13,36.61,34.62,35.45,48.7,44.45,24.73,27.89,29.01,27.12,0,0,,,
12/6/2025 9:13,36.62,34.62,35.47,48.73,44.48,24.7,27.98,29.07,27.18,0,0,,,
12/6/2025 9:13,36.71,34.61,35.51,48.86,44.6,24.76,28.02,29.13,27.2,0,0,,,
12/6/2025 9:13,36.73,34.7,35.55,48.84,44.57,24.64,27.86,28.98,27.08,0,0,,,
12/6/2025 9:13,36.59,34.57,35.42,48.54,44.37,24.68,27.78,28.91,26.94,0,0,,,
12/6/2025 9:13,36.74,34.65,35.52,48.74,44.52,24.66,27.86,28.95,27.04,0,0,,,
12/6/2025 9:13,36.58,34.62,35.44,48.55,44.33,24.64,27.81,28.89,26.98,0,0,,,
12/6/2025 9:13,36.68,34.57,35.51,48.77,44.49,24.76,27.88,28.96,27.12,0,0,,,
12/6/2025 9:13,36.67,34.69,35.52,48.76,44.49,24.72,27.92,28.99,27.15,0,0,,,
12/6/2025 9:13,36.76,34.71,35.56,48.74,44.49,24.72,27.95,28.98,27.14,0,0,,,
12/6/2025 9:13,36.78,34.73,35.55,48.92,44.6,24.74,27.96,29.03,27.18,0,0,,,
12/6/2025 9:13,36.77,34.65,35.57,48.98,44.61,24.65,27.83,28.94,27.04,0,0,,,
12/6/2025 9:13,36.71,34.67,35.52,48.83,44.56,24.73,27.93,28.96,27.09,0,0,,,
12/6/2025 9:13,36.75,34.74,35.58,48.85,44.61,24.68,27.89,29.02,27.07,0,0,,,
12/6/2025 9:13,36.78,34.66,35.54,48.74,44.51,24.67,27.9,29.05,27.15,0,0,,,
12/6/2025 9:13,36.68,34.6,35.46,48.85,44.56,24.65,27.84,28.98,27.02,0,0,,,
12/6/2025 9:13,36.74,34.66,35.58,48.91,44.59,24.68,27.84,28.94,27.05,0,0,,,
12/6/2025 9:13,36.75,34.74,35.58,48.79,44.51,24.64,27.82,28.9,27.04,0,0,,,
12/6/2025 9:13,36.83,34.73,35.61,48.9,44.6,24.7,27.83,28.96,27.03,0,0,,,
12/6/2025 9:13,36.8,34.77,35.65,48.9,44.6,24.68,27.86,28.97,27.03,0,0,,,
12/6/2025 9:13,36.92,34.77,35.71,49.08,44.73,24.74,27.91,28.99,27.09,0,0,,,
12/6/2025 9:13,36.82,34.72,35.64,48.85,44.57,24.81,27.99,29.09,27.2,0,0,,,
12/6/2025 9:13,36.82,34.82,35.64,48.97,44.64,24.67,27.83,28.93,27,0,0,,,
12/6/2025 9:13,36.89,34.83,35.66,48.97,44.65,24.76,28.06,29.16,27.25,0,0,,,
12/6/2025 9:13,36.93,34.77,35.67,49.04,44.66,24.7,27.96,29.09,27.16,0,0,,,
12/6/2025 9:13,36.81,34.74,35.6,48.92,44.62,24.71,27.86,29,27.06,0,0,,,
12/6/2025 9:13,36.9,34.85,35.68,48.98,44.62,24.71,27.91,29,27.1,0,0,,,
12/6/2025 9:13,36.82,34.78,35.67,48.91,44.58,24.72,27.9,29.07,27.07,0,0,,,
12/6/2025 9:13,36.81,34.69,35.62,48.89,44.6,24.75,27.9,29.02,27.08,0,0,,,
12/6/2025 9:13,36.88,34.74,35.64,49.08,44.73,24.68,27.94,29.04,27.13,0,0,,,
12/6/2025 9:13,36.84,34.83,35.64,48.88,44.53,24.78,28.04,29.16,27.19,0,0,,,
12/6/2025 9:13,36.8,34.71,35.62,48.88,44.57,24.68,27.87,29.02,27.1,0,0,,,
12/6/2025 9:13,36.88,34.72,35.69,49.17,44.77,24.76,27.98,28.99,27.18,0,0,,,
12/6/2025 9:13,36.92,34.8,35.69,49.08,44.72,24.68,27.8,28.92,27.04,0,0,,,
12/6/2025 9:13,36.98,34.88,35.76,49.12,44.8,24.77,27.97,29.12,27.23,0,0,,,
12/6/2025 9:13,36.99,34.86,35.73,49.13,44.77,24.73,27.95,29.05,27.14,0,0,,,
12/6/2025 9:13,36.98,34.88,35.74,49.09,44.71,24.72,27.88,28.99,27.06,0,0,,,
12/6/2025 9:13,36.97,34.86,35.77,49.12,44.76,24.82,28.06,29.12,27.25,0,0,,,
12/6/2025 9:13,36.98,34.86,35.76,49.03,44.66,24.73,27.96,29.07,27.15,0,0,,,
12/6/2025 9:13,36.94,34.87,35.74,49.08,44.67,24.71,27.93,29.03,27.14,0,0,,,
12/6/2025 9:13,37.05,34.86,35.74,49.02,44.64,24.75,27.93,29.04,27.14,0,0,,,
12/6/2025 9:13,36.92,34.75,35.72,49.07,44.67,24.77,27.96,29.02,27.16,0,0,,,
12/6/2025 9:13,36.96,34.86,35.76,49.2,44.82,24.76,28,29.09,27.18,0,0,,,
12/6/2025 9:13,36.95,34.84,35.71,48.96,44.69,24.78,28,29.1,27.17,0,0,,,
12/6/2025 9:13,36.95,34.82,35.72,49.1,44.77,24.77,28,29.11,27.19,0,0,,,
12/6/2025 9:13,37.03,34.95,35.8,49.09,44.79,24.69,27.91,28.98,27.11,0,0,,,
12/6/2025 9:13,37.04,34.9,35.82,49.3,44.86,24.73,27.93,29.02,27.14,0,0,,,
12/6/2025 9:13,36.99,34.89,35.75,49.02,44.68,24.74,27.94,29.05,27.15,0,0,,,
12/6/2025 9:13,37.07,34.87,35.77,49.1,44.73,24.78,27.94,29.02,27.18,0,0,,,
12/6/2025 9:14,37.03,34.91,35.79,49.13,44.79,24.7,27.89,29,27.1,0,0,,,
12/6/2025 9:14,37.09,34.96,35.88,49.27,44.91,24.75,27.99,29.13,27.15,0,0,,,
12/6/2025 9:14,37.11,34.97,35.85,49.21,44.87,24.77,28,29.09,27.22,0,0,,,
12/6/2025 9:14,37.05,34.96,35.83,49.28,44.89,24.69,27.86,28.92,27.08,0,0,,,
12/6/2025 9:14,37.11,34.97,35.85,49.29,44.89,24.75,27.92,29.08,27.19,0,0,,,
12/6/2025 9:14,37.03,34.93,35.84,49.25,44.84,24.75,28.01,29.13,27.17,0,0,,,
12/6/2025 9:14,37,34.95,35.82,49.26,44.85,24.74,27.96,29.03,27.18,0,0,,,
12/6/2025 9:14,37.17,34.91,35.84,49.16,44.86,24.75,28.01,29.11,27.15,0,0,,,
12/6/2025 9:14,37.18,35.02,35.9,49.29,44.86,24.73,27.99,29.09,27.19,0,0,,,
12/6/2025 9:14,37.13,34.94,35.85,49.29,44.89,24.71,27.94,29.06,27.18,0,0,,,
12/6/2025 9:14,37.21,35.08,35.95,49.42,44.97,24.75,27.95,29.08,27.15,0,0,,,
12/6/2025 9:14,37.2,35.04,35.95,49.42,44.96,24.76,27.94,29.07,27.08,0,0,,,
12/6/2025 9:14,37.1,34.94,35.86,49.22,44.83,24.72,27.88,29,27.07,0,0,,,
12/6/2025 9:14,37.11,35.01,35.86,49.29,44.84,24.76,27.99,29.08,27.19,0,0,,,
12/6/2025 9:14,37.06,34.99,35.83,49.29,44.88,24.72,27.91,29.01,27.11,0,0,,,
12/6/2025 9:14,37.23,35.11,35.97,49.4,44.97,24.81,27.99,29.09,27.18,0,0,,,
12/6/2025 9:14,37.12,35.02,35.92,49.38,44.93,24.88,28.02,29.11,27.25,0,0,,,
12/6/2025 9:14,37.14,35.03,35.91,49.28,44.91,24.74,27.96,29.03,27.2,0,0,,,
12/6/2025 9:14,37.26,35.11,36,49.55,45.01,24.83,28.04,29.11,27.3,0,0,,,
12/6/2025 9:14,37.15,35.03,35.89,49.16,44.8,24.72,27.98,29.03,27.15,0,0,,,
12/6/2025 9:14,37.19,35.06,35.96,49.56,45.04,24.75,27.99,29.04,27.17,0,0,,,
12/6/2025 9:14,37.14,35.05,35.92,49.36,44.93,24.64,27.78,28.85,26.98,0,0,,,
12/6/2025 9:14,37.17,35.02,35.91,49.25,44.88,24.74,27.97,29.06,27.2,0,0,,,
12/6/2025 9:14,37.11,34.98,35.91,49.32,44.87,24.79,28.01,29.13,27.18,0,0,,,
12/6/2025 9:14,37.24,35.15,36.01,49.44,44.98,24.73,27.94,28.98,27.18,0,0,,,
12/6/2025 9:14,37.16,35.03,35.93,49.37,44.91,24.79,27.97,29.07,27.11,0,0,,,
12/6/2025 9:14,37.26,35.13,36.01,49.48,44.98,24.78,28,29.06,27.25,0,0,,,
12/6/2025 9:14,37.27,35.11,36,49.33,44.89,24.79,27.99,29.05,27.19,0,0,,,
12/6/2025 9:14,37.21,35.09,35.98,49.45,44.98,24.78,27.98,29.07,27.13,0,0,,,
12/6/2025 9:14,37.26,35.17,36.03,49.53,45.01,24.75,27.93,29.04,27.17,0,0,,,
12/6/2025 9:14,37.24,35.07,35.96,49.44,45.01,24.8,27.99,29.06,27.17,0,0,,,
12/6/2025 9:14,37.32,35.14,36.07,49.63,45.1,24.8,28.05,29.15,27.23,0,0,,,
12/6/2025 9:14,37.3,35.04,36.01,49.41,44.99,24.72,27.94,29.07,27.16,0,0,,,
12/6/2025 9:14,37.21,35.1,35.97,49.36,45,24.79,28.03,29.12,27.21,0,0,,,
12/6/2025 9:14,37.24,35.03,35.99,49.48,45.05,24.71,27.88,29,27.1,0,0,,,
12/6/2025 9:14,37.44,35.14,36.11,49.61,45.1,24.83,28.07,29.15,27.29,0,0,,,
12/6/2025 9:14,37.35,35.14,36.08,49.6,45.09,24.72,28.05,29.12,27.24,0,0,,,
12/6/2025 9:14,37.29,35.14,36.05,49.57,45.04,24.77,27.99,29.13,27.17,0,0,,,
12/6/2025 9:14,37.3,35.14,36.04,49.48,45.03,24.8,27.99,29.13,27.21,0,0,,,
12/6/2025 9:14,37.44,35.21,36.15,49.61,45.1,24.76,27.97,29.12,27.19,0,0,,,
12/6/2025 9:14,37.33,35.2,36.09,49.59,45.09,24.82,27.94,29.1,27.16,0,0,,,
12/6/2025 9:14,37.4,35.23,36.17,49.75,45.17,24.77,28,29.08,27.2,0,0,,,
12/6/2025 9:14,37.36,35.18,36.1,49.65,45.16,24.75,27.98,29.01,27.23,0,0,,,
12/6/2025 9:14,37.32,35.14,36.07,49.58,45.1,24.8,27.98,29.07,27.21,0,0,,,
12/6/2025 9:14,37.39,35.2,36.12,49.7,45.15,24.78,28,29.1,27.18,0,0,,,
12/6/2025 9:14,37.36,35.15,36.09,49.61,45.13,24.78,28.02,29.16,27.2,0,0,,,
12/6/2025 9:14,37.32,35.21,36.08,49.64,45.12,24.83,28.05,29.17,27.23,0,0,,,
12/6/2025 9:14,37.43,35.24,36.15,49.58,45.11,24.73,27.93,29.05,27.12,0,0,,,
12/6/2025 9:14,37.45,35.27,36.15,49.76,45.25,24.8,28.06,29.16,27.29,0,0,,,
12/6/2025 9:14,37.36,35.2,36.11,49.63,45.13,24.78,28.01,29.1,27.22,0,0,,,
12/6/2025 9:14,37.45,35.22,36.16,49.6,45.15,24.85,28.06,29.15,27.28,0,0,,,
12/6/2025 9:14,37.39,35.23,36.1,49.69,45.1,24.81,28.02,29.13,27.28,0,0,,,
12/6/2025 9:14,37.4,35.15,36.12,49.66,45.15,24.76,27.99,29.06,27.22,0,0,,,
12/6/2025 9:14,37.48,35.29,36.2,49.81,45.26,24.8,28.02,29.15,27.23,0,0,,,
12/6/2025 9:14,37.5,35.25,36.18,49.72,45.2,24.81,28.02,29.17,27.19,0,0,,,
12/6/2025 9:14,37.43,35.3,36.17,49.84,45.26,24.82,28.01,29.07,27.16,0,0,,,
12/6/2025 9:14,37.35,35.27,36.16,49.66,45.13,24.78,28.06,29.14,27.27,0,0,,,
12/6/2025 9:14,37.41,35.18,36.11,49.72,45.18,24.79,28.02,29.14,27.2,0,0,,,
12/6/2025 9:14,37.37,35.22,36.16,49.63,45.1,24.76,27.96,29.06,27.12,0,0,,,
12/6/2025 9:14,37.48,35.3,36.23,49.77,45.22,24.81,28.01,29.09,27.22,0,0,,,
